{"dataset": {"name": "openml__Australian__146818", "cat_idx": [0, 3, 4, 5, 7, 8, 10, 11], "cat_dims": [2, 3, 14, 8, 2, 2, 2, 3], "target_type": "binary", "num_classes": 1, "num_features": 14, "num_instances": 690, "split_source": "openml"}, "scaler": "Quantile", "model": {"name": "TabPFNModel", "params": {}, "args": {"model_name": "TabPFNModel", "batch_size": 128, "scale_numerical_features": "Quantile", "val_batch_size": 256, "objective": "binary", "gpu_ids": [0], "use_gpu": true, "epochs": 500, "data_parallel": true, "early_stopping_rounds": 20, "dataset": "openml__Australian__146818", "cat_idx": [0, 3, 4, 5, 7, 8, 10, 11], "num_features": 14, "subset_features": -1, "subset_rows": -1, "subset_features_method": "random", "subset_rows_method": "random", "cat_dims": [2, 3, 14, 8, 2, 2, 2, 3], "num_classes": 1, "logging_period": 100}}, "experiemnt_args": {"experiment_config": "tabzilla_experiment_config.yml", "output_dir": "./results/TabPFN_RF_0.05/openml__Australian__146818", "write_predictions": false, "use_gpu": true, "gpu_ids": [0], "data_parallel": true, "n_random_trials": 30, "hparam_seed": 0, "n_opt_trials": 1, "batch_size": 128, "val_batch_size": 256, "scale_numerical_features": "Quantile", "early_stopping_rounds": 20, "epochs": 500, "logging_period": 100, "experiment_time_limit": 36000, "trial_time_limit": 7200, "subset_rows": -1, "subset_features": -1, "subset_rows_method": "random", "subset_features_method": "random", "subset_random_seed": 42}, "hparam_source": "sampler_30", "trial_number": 30, "exception": "None", "timers": {"train": [0.1707699990000151, 0.17034547200000816, 0.17237180600000102, 0.17172009199998683, 0.17509845400002177, 0.17137558800004626, 0.17224969799997325, 0.1730666989999463, 0.17129152799998337, 0.17160560199999964], "val": [0.26110242599997946, 0.26499095299999453, 0.2524602070000128, 0.2622817600000076, 0.262193228000001, 0.23643078699996067, 0.26118646800000533, 0.2562940459999936, 0.26044960199999423, 0.2515635280000197], "test": [0.2607028599999808, 0.26637154000002283, 0.25393952199999603, 0.2596074550000367, 0.2613142449999941, 0.23079333599997653, 0.26359695899998314, 0.25682943999999, 0.2614589880000153, 0.25584186200001113], "train-eval": [0.3276266459999988, 0.3230641790000277, 0.32053335800003424, 0.3245821350000142, 0.327245658000038, 0.28797478500001716, 0.32677187999996704, 0.32357318800001167, 0.3272495510000226, 0.3200845090000257]}, "scorers": {"train": {"Log Loss": [0.22628657370166327, 0.21322143582179398, 0.20933528940789015, 0.2340013436710825, 0.2518348780258585, 0.23694733682081784, 0.23495584073147144, 0.2579271513349366, 0.24327583742410228, 0.21756226748024662], "AUC": [0.9700591637306388, 0.9730239978727647, 0.9755102040816328, 0.9701389350528485, 0.9627733829688228, 0.9684770325068137, 0.9686354216483342, 0.9609610406849405, 0.9662042875157628, 0.9750783782347627], "Accuracy": [0.8985507246376812, 0.9021739130434783, 0.9148550724637681, 0.8985507246376812, 0.8876811594202898, 0.9057971014492754, 0.8858695652173914, 0.8786231884057971, 0.8931159420289855, 0.9021739130434783], "F1": [0.8985507246376812, 0.9021739130434784, 0.9148550724637681, 0.8985507246376812, 0.8876811594202898, 0.9057971014492753, 0.8858695652173914, 0.8786231884057971, 0.8931159420289856, 0.9021739130434784]}, "val": {"Log Loss": [0.3933219907833777, 0.4311333761512919, 0.3933643562753752, 0.2634572474270049, 0.25681162156197235, 0.36223176441656185, 0.35831280113271674, 0.28285498159898254, 0.39822144075220517, 0.28607086193935755], "AUC": [0.9168081494057725, 0.9185059422750425, 0.9134125636672326, 0.9550084889643464, 0.9584040747028862, 0.9235993208828522, 0.9247863247863248, 0.9598290598290599, 0.9085470085470084, 0.967741935483871], "Accuracy": [0.8260869565217391, 0.8260869565217391, 0.8260869565217391, 0.9130434782608695, 0.855072463768116, 0.855072463768116, 0.8840579710144928, 0.8695652173913043, 0.855072463768116, 0.8695652173913043], "F1": [0.8260869565217391, 0.8260869565217391, 0.8260869565217391, 0.9130434782608695, 0.855072463768116, 0.855072463768116, 0.8840579710144928, 0.8695652173913043, 0.855072463768116, 0.8695652173913043]}, "test": {"Log Loss": [0.2787750825270693, 0.39997240968085224, 0.44313571504515675, 0.36883669058004, 0.27936593137808463, 0.23518336929146821, 0.358299663428382, 0.3676289232367734, 0.2755719093989849, 0.4081917851392592], "AUC": [0.9567062818336163, 0.9202037351443124, 0.9040747028862479, 0.9219015280135824, 0.9533106960950763, 0.967741935483871, 0.9193548387096775, 0.9273504273504274, 0.9564102564102565, 0.9102564102564102], "Accuracy": [0.8840579710144928, 0.8260869565217391, 0.8115942028985508, 0.8405797101449275, 0.8985507246376812, 0.8695652173913043, 0.8260869565217391, 0.8985507246376812, 0.8985507246376812, 0.8260869565217391], "F1": [0.8840579710144928, 0.8260869565217391, 0.8115942028985508, 0.8405797101449275, 0.8985507246376812, 0.8695652173913043, 0.8260869565217391, 0.8985507246376812, 0.8985507246376812, 0.8260869565217391]}}}