{
    "dataset_name": "openml__Australian__146818",
    "averages": {
        "train_averages": {
            "Log Loss": 0.2325347954419863,
            "AUC": 0.9690861844297322,
            "Accuracy": 0.8967391304347826,
            "F1": 0.8967391304347826
        },
        "val_averages": {
            "Log Loss": 0.34257804420388466,
            "AUC": 0.9346642868544397,
            "Accuracy": 0.8579710144927537,
            "F1": 0.8579710144927537
        },
        "test_averages": {
            "Log Loss": 0.34149614797060707,
            "AUC": 0.9337310812183478,
            "Accuracy": 0.8579710144927535,
            "F1": 0.8579710144927535
        }
    }
}