{"dataset": {"name": "openml__colic__25", "cat_idx": [0, 1, 5, 6, 7, 8, 9, 10, 11, 12, 13, 15, 16, 19, 21, 22, 23, 24, 25], "cat_dims": [3, 2, 5, 5, 7, 4, 6, 5, 5, 4, 4, 5, 6, 4, 4, 2, 63, 8, 2], "target_type": "binary", "num_classes": 1, "num_features": 26, "num_instances": 368, "split_source": "openml"}, "scaler": "Quantile", "model": {"name": "TabPFNModel", "params": {}, "args": {"model_name": "TabPFNModel", "batch_size": 128, "scale_numerical_features": "Quantile", "val_batch_size": 256, "objective": "binary", "gpu_ids": [0], "use_gpu": true, "epochs": 500, "data_parallel": true, "early_stopping_rounds": 20, "dataset": "openml__colic__25", "cat_idx": [0, 1, 5, 6, 7, 8, 9, 10, 11, 12, 13, 15, 16, 19, 21, 22, 23, 24, 25], "num_features": 26, "subset_features": -1, "subset_rows": -1, "subset_features_method": "random", "subset_rows_method": "random", "cat_dims": [3, 2, 5, 5, 7, 4, 6, 5, 5, 4, 4, 5, 6, 4, 4, 2, 63, 8, 2], "num_classes": 1, "logging_period": 100}}, "experiemnt_args": {"experiment_config": "tabzilla_experiment_config.yml", "output_dir": "./results/TabPFN_RF_0.05/openml__colic__25", "write_predictions": false, "use_gpu": true, "gpu_ids": [0], "data_parallel": true, "n_random_trials": 30, "hparam_seed": 0, "n_opt_trials": 1, "batch_size": 128, "val_batch_size": 256, "scale_numerical_features": "Quantile", "early_stopping_rounds": 20, "epochs": 500, "logging_period": 100, "experiment_time_limit": 36000, "trial_time_limit": 7200, "subset_rows": -1, "subset_features": -1, "subset_rows_method": "random", "subset_features_method": "random", "subset_random_seed": 42}, "hparam_source": "sampler_30", "trial_number": 30, "exception": "None", "timers": {"train": [0.1538204780000001, 0.15280389499997682, 0.1578719519999936, 0.15379474700000628, 0.15847584299999085, 0.1509253749999857, 0.1532278999999903, 0.15478006099999675, 0.15280138800000032, 0.15265438400001585], "val": [0.08319780399997967, 0.08359921999999642, 0.07034053099999937, 0.04994792099998335, 0.07171870100000888, 0.07096965600001681, 0.04881974900001751, 0.06427434500000118, 0.08614468799999031, 0.08476445099998386], "test": [0.08314750100001334, 0.08361785000002442, 0.07033846000001631, 0.05015517100000011, 0.0717697469999905, 0.0705673109999907, 0.051099032000024636, 0.06148188100002017, 0.08519529800000214, 0.08411988899999301], "train-eval": [0.18126337599997555, 0.18295737200000417, 0.1619599439999888, 0.12438223399999515, 0.1629010929999879, 0.16074124900001152, 0.1272145739999928, 0.14789966500001128, 0.18805411600001776, 0.18410265600002163]}, "scorers": {"train": {"Log Loss": [0.21013907194775588, 0.20812838121674898, 0.2154526265180467, 0.2731362240762497, 0.22371144247381186, 0.2036507205245502, 0.27775064553296, 0.21841934989131817, 0.1623047185221735, 0.20727368373824107], "AUC": [0.976701030927835, 0.9787113402061856, 0.9764432989690723, 0.9481481481481482, 0.970637234485631, 0.9758433985839233, 0.9459339858392336, 0.966888270459699, 0.9885714285714287, 0.9781538461538462], "Accuracy": [0.9081632653061225, 0.9149659863945578, 0.9047619047619048, 0.8877551020408163, 0.9013605442176871, 0.9115646258503401, 0.8843537414965986, 0.9186440677966101, 0.9425675675675675, 0.9084745762711864], "F1": [0.9081632653061225, 0.9149659863945578, 0.9047619047619048, 0.8877551020408163, 0.9013605442176871, 0.9115646258503401, 0.8843537414965986, 0.9186440677966101, 0.9425675675675675, 0.9084745762711864]}, "val": {"Log Loss": [0.20812731754545857, 0.3747094275997815, 0.3661144326317562, 0.2908790178943118, 0.5051917656858295, 0.5381651801591608, 0.2778042177614574, 0.44698521693995263, 0.41411632963588013, 0.4056639435823898], "AUC": [0.9766666666666667, 0.9033333333333333, 0.8999999999999999, 0.9358974358974359, 0.8237179487179487, 0.8525641025641025, 0.9391025641025641, 0.8819444444444444, 0.8958333333333334, 0.8733333333333333], "Accuracy": [0.972972972972973, 0.8378378378378378, 0.8378378378378378, 0.8918918918918919, 0.8378378378378378, 0.8108108108108109, 0.918918918918919, 0.7777777777777778, 0.8611111111111112, 0.8918918918918919], "F1": [0.972972972972973, 0.8378378378378378, 0.8378378378378378, 0.8918918918918919, 0.8378378378378378, 0.8108108108108109, 0.918918918918919, 0.7777777777777778, 0.8611111111111112, 0.8918918918918919]}, "test": {"Log Loss": [0.39020768397483435, 0.19786510145474878, 0.4254971796655352, 0.37791120422774793, 0.29524519908581, 0.5291057118651987, 0.434962372827421, 0.28911724400434674, 0.377630931290721, 0.41833611487415434], "AUC": [0.88, 0.98, 0.8566666666666667, 0.9216666666666667, 0.9391025641025641, 0.8397435897435898, 0.8846153846153846, 0.9583333333333333, 0.8888888888888888, 0.9027777777777778], "Accuracy": [0.8648648648648649, 0.9459459459459459, 0.8378378378378378, 0.8378378378378378, 0.8918918918918919, 0.8378378378378378, 0.7567567567567568, 0.8918918918918919, 0.8055555555555556, 0.8333333333333334], "F1": [0.8648648648648649, 0.9459459459459459, 0.8378378378378378, 0.8378378378378378, 0.8918918918918919, 0.8378378378378378, 0.7567567567567567, 0.8918918918918919, 0.8055555555555556, 0.8333333333333334]}}}