{"dataset": {"name": "openml__colic__27", "cat_idx": [0, 1, 5, 6, 7, 8, 9, 10, 11, 12, 13, 15, 16, 19, 21], "cat_dims": [3, 2, 5, 5, 7, 4, 6, 5, 5, 4, 4, 5, 6, 4, 4], "target_type": "binary", "num_classes": 1, "num_features": 22, "num_instances": 368, "split_source": "openml"}, "scaler": "Quantile", "model": {"name": "TabPFNModel", "params": {}, "args": {"model_name": "TabPFNModel", "batch_size": 128, "scale_numerical_features": "Quantile", "val_batch_size": 256, "objective": "binary", "gpu_ids": [0], "use_gpu": true, "epochs": 500, "data_parallel": true, "early_stopping_rounds": 20, "dataset": "openml__colic__27", "cat_idx": [0, 1, 5, 6, 7, 8, 9, 10, 11, 12, 13, 15, 16, 19, 21], "num_features": 22, "subset_features": -1, "subset_rows": -1, "subset_features_method": "random", "subset_rows_method": "random", "cat_dims": [3, 2, 5, 5, 7, 4, 6, 5, 5, 4, 4, 5, 6, 4, 4], "num_classes": 1, "logging_period": 100}}, "experiemnt_args": {"experiment_config": "tabzilla_experiment_config.yml", "output_dir": "./results/TabPFN_RF_0.05/openml__colic__27", "write_predictions": false, "use_gpu": true, "gpu_ids": [0], "data_parallel": true, "n_random_trials": 30, "hparam_seed": 0, "n_opt_trials": 1, "batch_size": 128, "val_batch_size": 256, "scale_numerical_features": "Quantile", "early_stopping_rounds": 20, "epochs": 500, "logging_period": 100, "experiment_time_limit": 36000, "trial_time_limit": 7200, "subset_rows": -1, "subset_features": -1, "subset_rows_method": "random", "subset_features_method": "random", "subset_random_seed": 42}, "hparam_source": "sampler_30", "trial_number": 30, "exception": "None", "timers": {"train": [0.15109812299999703, 0.15157858399999213, 0.14994505800001434, 0.14758802399998672, 0.14760014600000204, 0.14981932200001324, 0.14661108300001047, 0.14702528300000495, 0.14657153499999254, 0.1486503950000042], "val": [0.10782706199998415, 0.09801449799999773, 0.1005075340000019, 0.10835936000000856, 0.11114892599999848, 0.10727014299999382, 0.08273023600000329, 0.09360308699999109, 0.09527324300000828, 0.10569923300002415], "test": [0.10758756800001379, 0.09777185600000848, 0.09566673300000161, 0.10890488100000084, 0.13484026300000096, 0.10661955699998771, 0.08275714500001641, 0.09338764399998922, 0.09533521500000575, 0.10587154999998916], "train-eval": [0.2206679109999925, 0.2030077469999867, 0.20306718200001228, 0.22115536499998711, 0.22320872000000236, 0.23348064399999657, 0.18193891699999654, 0.19955868700000678, 0.20145836699998654, 0.2198953010000082]}, "scorers": {"train": {"Log Loss": [0.2723689969599696, 0.2881676166338102, 0.3092008012983116, 0.175123154409105, 0.1336204333361444, 0.16658381709908754, 0.2089761527938684, 0.22272882686961545, 0.27153425290608263, 0.283461281689044], "AUC": [0.9598073122529643, 0.9523927597322093, 0.9472321784149741, 0.9897451214655515, 0.9974113898845082, 0.9912883313420948, 0.9783452807646356, 0.9730689553122225, 0.958186705767351, 0.9542014742014743], "Accuracy": [0.8877551020408163, 0.8775510204081632, 0.8503401360544217, 0.9217687074829932, 0.9625850340136054, 0.935374149659864, 0.9081632653061225, 0.888135593220339, 0.8783783783783784, 0.8779661016949153], "F1": [0.8877551020408163, 0.8775510204081631, 0.8503401360544217, 0.9217687074829932, 0.9625850340136054, 0.935374149659864, 0.9081632653061225, 0.888135593220339, 0.8783783783783784, 0.8779661016949154]}, "val": {"Log Loss": [0.3607575890490782, 0.39239893667976344, 0.32000446424223805, 0.39942337314760257, 0.32473156920376894, 0.35851354021683457, 0.7164786488464011, 0.6407423597665769, 0.40853717558445557, 0.36443154352492013], "AUC": [0.9262820512820513, 0.922360248447205, 0.937888198757764, 0.922360248447205, 0.9409937888198757, 0.922360248447205, 0.7329192546583851, 0.7525083612040134, 0.8729096989966556, 0.8814102564102564], "Accuracy": [0.8648648648648649, 0.8378378378378378, 0.8918918918918919, 0.8108108108108109, 0.8648648648648649, 0.8108108108108109, 0.6756756756756757, 0.7777777777777778, 0.8611111111111112, 0.8918918918918919], "F1": [0.8648648648648649, 0.8378378378378378, 0.8918918918918919, 0.8108108108108109, 0.8648648648648649, 0.8108108108108109, 0.6756756756756757, 0.7777777777777778, 0.8611111111111112, 0.8918918918918919]}, "test": {"Log Loss": [0.3643666167097875, 0.38767135558567534, 0.37396210772573, 0.2560527214905173, 0.4122877811969718, 0.34336267389472047, 0.4859098900611386, 0.7691675885402482, 0.5246258693686114, 0.4267916803858582], "AUC": [0.8974358974358975, 0.9134615384615384, 0.922360248447205, 0.9627329192546583, 0.9223602484472049, 0.9254658385093167, 0.8757763975155278, 0.7546583850931676, 0.8127090301003345, 0.862876254180602], "Accuracy": [0.8648648648648649, 0.8378378378378378, 0.8378378378378378, 0.8918918918918919, 0.8378378378378378, 0.8648648648648649, 0.8378378378378378, 0.7027027027027027, 0.7777777777777778, 0.8333333333333334], "F1": [0.8648648648648649, 0.8378378378378378, 0.8378378378378378, 0.8918918918918919, 0.8378378378378378, 0.8648648648648649, 0.8378378378378378, 0.7027027027027027, 0.7777777777777778, 0.8333333333333334]}}}