{
    "dataset_name": "openml__colic__25",
    "averages": {
        "train_averages": {
            "Log Loss": 0.21999668644418557,
            "AUC": 0.9706031982345003,
            "Accuracy": 0.9082611381703393,
            "F1": 0.9082611381703393
        },
        "val_averages": {
            "Log Loss": 0.3827756849435978,
            "AUC": 0.8982393162393162,
            "Accuracy": 0.8638888888888887,
            "F1": 0.8638888888888887
        },
        "test_averages": {
            "Log Loss": 0.37358787432705176,
            "AUC": 0.9051794871794872,
            "Accuracy": 0.8503753753753754,
            "F1": 0.8503753753753754
        }
    }
}