{
    "dataset_name": "openml__colic__27",
    "averages": {
        "train_averages": {
            "Log Loss": 0.2331765333995039,
            "AUC": 0.9701679509137986,
            "Accuracy": 0.8988017488259619,
            "F1": 0.8988017488259619
        },
        "val_averages": {
            "Log Loss": 0.4286019200261639,
            "AUC": 0.8811992355470615,
            "Accuracy": 0.8287537537537537,
            "F1": 0.8287537537537537
        },
        "test_averages": {
            "Log Loss": 0.4344198284959259,
            "AUC": 0.8849836757445454,
            "Accuracy": 0.8286786786786786,
            "F1": 0.8286786786786786
        }
    }
}