{"dataset": {"name": "openml__credit-approval__29", "cat_idx": [0, 3, 4, 5, 6, 8, 9, 11, 12], "cat_dims": [3, 4, 4, 15, 10, 2, 2, 2, 3], "target_type": "binary", "num_classes": 1, "num_features": 15, "num_instances": 690, "split_source": "openml"}, "scaler": "Quantile", "model": {"name": "TabPFNModel", "params": {}, "args": {"model_name": "TabPFNModel", "batch_size": 128, "scale_numerical_features": "Quantile", "val_batch_size": 256, "objective": "binary", "gpu_ids": [0], "use_gpu": true, "epochs": 500, "data_parallel": true, "early_stopping_rounds": 20, "dataset": "openml__credit-approval__29", "cat_idx": [0, 3, 4, 5, 6, 8, 9, 11, 12], "num_features": 15, "subset_features": -1, "subset_rows": -1, "subset_features_method": "random", "subset_rows_method": "random", "cat_dims": [3, 4, 4, 15, 10, 2, 2, 2, 3], "num_classes": 1, "logging_period": 100}}, "experiemnt_args": {"experiment_config": "tabzilla_experiment_config.yml", "output_dir": "./results/TabPFN_RF_0.05/openml__credit-approval__29", "write_predictions": false, "use_gpu": true, "gpu_ids": [0], "data_parallel": true, "n_random_trials": 30, "hparam_seed": 0, "n_opt_trials": 1, "batch_size": 128, "val_batch_size": 256, "scale_numerical_features": "Quantile", "early_stopping_rounds": 20, "epochs": 500, "logging_period": 100, "experiment_time_limit": 36000, "trial_time_limit": 7200, "subset_rows": -1, "subset_features": -1, "subset_rows_method": "random", "subset_features_method": "random", "subset_random_seed": 42}, "hparam_source": "sampler_30", "trial_number": 30, "exception": "None", "timers": {"train": [0.17457183700003043, 0.17535481900000605, 0.17217290600001434, 0.17324089699997103, 0.17716446100001804, 0.1760389959999884, 0.17379554600000802, 0.17372703899997077, 0.1787670849999472, 0.1729400219999775], "val": [0.25311702799996283, 0.259049277000031, 0.26346813200001407, 0.26344909600004485, 0.2597517890000063, 0.2651525040000138, 0.26494970499999226, 0.25952772099998356, 0.23479624300000523, 0.24935603700004094], "test": [0.25334778799998503, 0.26514765600001056, 0.2672444609999616, 0.2634344890000193, 0.260274236999976, 0.2640588189999562, 0.264264503999982, 0.2613768690000029, 0.23295373599995628, 0.2545975360000057], "train-eval": [0.31972308699999985, 0.3239951529999985, 0.3294457750000106, 0.3310538619999761, 0.3258402189999856, 0.32902872300002173, 0.3315904780000096, 0.32664450600003647, 0.2963211759999922, 0.2924841820000097]}, "scorers": {"train": {"Log Loss": [0.20661263232912527, 0.21017663004716258, 0.21290905343372266, 0.21359600133287077, 0.25580459496110053, 0.2551345842422664, 0.209568210271497, 0.19475989821942513, 0.25184502698467265, 0.24358873939096834], "AUC": [0.9756155837260236, 0.9750580739364173, 0.9736835113449174, 0.9743003390281194, 0.9642624476500699, 0.9636375722927608, 0.974087615502227, 0.978448447783022, 0.965711626670212, 0.9665231946437112], "Accuracy": [0.9039855072463768, 0.907608695652174, 0.9003623188405797, 0.907608695652174, 0.8876811594202898, 0.8876811594202898, 0.9039855072463768, 0.9094202898550725, 0.9021739130434783, 0.894927536231884], "F1": [0.9039855072463768, 0.907608695652174, 0.9003623188405797, 0.907608695652174, 0.8876811594202898, 0.8876811594202898, 0.9039855072463768, 0.9094202898550725, 0.9021739130434784, 0.894927536231884]}, "val": {"Log Loss": [0.32175764020562264, 0.33390391023421356, 0.48824993478940754, 0.24766182326303993, 0.23983448918668296, 0.3430890552636843, 0.5148530715882923, 0.27222462393727154, 0.24144279011560826, 0.3723824612809469], "AUC": [0.9358974358974359, 0.941025641025641, 0.8820033955857385, 0.9643463497453311, 0.9668930390492361, 0.935483870967742, 0.8794567062818337, 0.9550084889643463, 0.9719864176570459, 0.9136752136752135], "Accuracy": [0.8405797101449275, 0.8405797101449275, 0.8260869565217391, 0.9130434782608695, 0.9130434782608695, 0.8405797101449275, 0.782608695652174, 0.8985507246376812, 0.9130434782608695, 0.8695652173913043], "F1": [0.8405797101449275, 0.8405797101449275, 0.8260869565217391, 0.9130434782608695, 0.9130434782608695, 0.8405797101449275, 0.782608695652174, 0.8985507246376812, 0.9130434782608695, 0.8695652173913043]}, "test": {"Log Loss": [0.368205599932945, 0.3309156964801759, 0.33680402074805493, 0.4723671000249853, 0.2427949621408531, 0.24384506741979228, 0.3590783235563218, 0.47825955239908885, 0.25939806076730143, 0.2431381109068335], "AUC": [0.9153846153846154, 0.9384615384615385, 0.935042735042735, 0.8811544991511036, 0.9660441426146009, 0.9651952461799661, 0.932937181663837, 0.8904923599320883, 0.9643463497453311, 0.9711375212224109], "Accuracy": [0.8840579710144928, 0.8840579710144928, 0.855072463768116, 0.8115942028985508, 0.8985507246376812, 0.9130434782608695, 0.8405797101449275, 0.7971014492753623, 0.8985507246376812, 0.8840579710144928], "F1": [0.8840579710144928, 0.8840579710144928, 0.855072463768116, 0.8115942028985508, 0.8985507246376812, 0.9130434782608695, 0.8405797101449275, 0.7971014492753623, 0.8985507246376812, 0.8840579710144928]}}}