{
    "dataset_name": "openml__credit-approval__29",
    "averages": {
        "train_averages": {
            "Log Loss": 0.2253995371212812,
            "AUC": 0.971132841257748,
            "Accuracy": 0.9005434782608696,
            "F1": 0.9005434782608696
        },
        "val_averages": {
            "Log Loss": 0.337539979986477,
            "AUC": 0.9345776558849564,
            "Accuracy": 0.863768115942029,
            "F1": 0.863768115942029
        },
        "test_averages": {
            "Log Loss": 0.3334806494376352,
            "AUC": 0.9360196189398227,
            "Accuracy": 0.8666666666666666,
            "F1": 0.8666666666666666
        }
    }
}