{
    "dataset_name": "openml__heart-h__50",
    "averages": {
        "train_averages": {
            "Log Loss": 0.25312504982880507,
            "AUC": 0.9625352179120125,
            "Accuracy": 0.8881559667243042,
            "F1": 0.8881559667243042
        },
        "val_averages": {
            "Log Loss": 0.4681468948075927,
            "AUC": 0.8638064859117491,
            "Accuracy": 0.8027586206896553,
            "F1": 0.8027586206896553
        },
        "test_averages": {
            "Log Loss": 0.475468318921195,
            "AUC": 0.8674056353003721,
            "Accuracy": 0.8094252873563217,
            "F1": 0.8094252873563219
        }
    }
}