{"dataset": {"name": "openml__heart-h__50", "cat_idx": [1, 2, 5, 6, 8, 10, 12], "cat_dims": [2, 4, 3, 4, 3, 4, 4], "target_type": "binary", "num_classes": 1, "num_features": 13, "num_instances": 294, "split_source": "openml"}, "scaler": "Quantile", "model": {"name": "TabPFNModel", "params": {}, "args": {"model_name": "TabPFNModel", "batch_size": 128, "scale_numerical_features": "Quantile", "val_batch_size": 256, "objective": "binary", "gpu_ids": [0], "use_gpu": true, "epochs": 500, "data_parallel": true, "early_stopping_rounds": 20, "dataset": "openml__heart-h__50", "cat_idx": [1, 2, 5, 6, 8, 10, 12], "num_features": 13, "subset_features": -1, "subset_rows": -1, "subset_features_method": "random", "subset_rows_method": "random", "cat_dims": [2, 4, 3, 4, 3, 4, 4], "num_classes": 1, "logging_period": 100}}, "experiemnt_args": {"experiment_config": "tabzilla_experiment_config.yml", "output_dir": "./results/TabPFN_RF_0.05/openml__heart-h__50", "write_predictions": false, "use_gpu": true, "gpu_ids": [0], "data_parallel": true, "n_random_trials": 30, "hparam_seed": 0, "n_opt_trials": 1, "batch_size": 128, "val_batch_size": 256, "scale_numerical_features": "Quantile", "early_stopping_rounds": 20, "epochs": 500, "logging_period": 100, "experiment_time_limit": 36000, "trial_time_limit": 7200, "subset_rows": -1, "subset_features": -1, "subset_rows_method": "random", "subset_features_method": "random", "subset_random_seed": 42}, "hparam_source": "sampler_30", "trial_number": 30, "exception": "None", "timers": {"train": [0.1371790740000165, 0.13762878099998943, 0.13810451300000182, 0.13822447800001214, 0.1383083000000056, 0.13860212999998112, 0.13754073900000208, 0.13701872599997955, 0.13806521099999713, 0.13808417300000997], "val": [0.0920929569999771, 0.09230656200000453, 0.09572348899999383, 0.09277296400000523, 0.09468144299998471, 0.09568941899999572, 0.09276017299998784, 0.09338795299998992, 0.09410460699999135, 0.09282648800001425], "test": [0.09232220600000574, 0.09414683800000034, 0.09596960199999671, 0.09277657999999178, 0.09384308899998928, 0.0935453860000166, 0.09425283799998851, 0.09396773800000346, 0.09383966000001465, 0.09355853900001421], "train-eval": [0.20027814399998078, 0.1994223140000031, 0.20123493599999165, 0.20248395100000494, 0.19932904200001644, 0.20137320700001737, 0.19937261100000114, 0.19998637000000485, 0.20031235999999808, 0.19793244900000673]}, "scorers": {"train": {"Log Loss": [0.24481929353646184, 0.28456428410529416, 0.24755162099599062, 0.31672050479175073, 0.30760925477076323, 0.30647307007903896, 0.27934186298566643, 0.16898291924231154, 0.16891294127482212, 0.20627474650595137], "AUC": [0.9689682539682539, 0.9527777777777777, 0.9639682539682539, 0.9409411764705882, 0.9452713178294573, 0.942093023255814, 0.9534883720930233, 0.9906505648617062, 0.9895050125313283, 0.9776884263639232], "Accuracy": [0.8760683760683761, 0.8717948717948718, 0.9017094017094017, 0.8468085106382979, 0.8516949152542372, 0.8771186440677966, 0.885593220338983, 0.9364406779661016, 0.9322033898305084, 0.902127659574468], "F1": [0.8760683760683761, 0.8717948717948718, 0.9017094017094017, 0.8468085106382979, 0.8516949152542372, 0.8771186440677965, 0.885593220338983, 0.9364406779661016, 0.9322033898305084, 0.902127659574468]}, "val": {"Log Loss": [0.41062407086854896, 0.38086329988031375, 0.43535521004433053, 0.257993422153135, 0.388671401174569, 0.4347259265730948, 0.44567474816614794, 0.634810436059074, 0.741081241583315, 0.5516691915733976], "AUC": [0.8803827751196173, 0.8947368421052632, 0.8947368421052632, 0.963157894736842, 0.9052631578947368, 0.8368421052631578, 0.8631578947368421, 0.8282828282828283, 0.7676767676767677, 0.8038277511961722], "Accuracy": [0.8333333333333334, 0.8333333333333334, 0.7666666666666667, 0.8620689655172413, 0.7931034482758621, 0.8275862068965517, 0.8275862068965517, 0.7586206896551724, 0.7586206896551724, 0.7666666666666667], "F1": [0.8333333333333334, 0.8333333333333334, 0.7666666666666667, 0.8620689655172413, 0.7931034482758621, 0.8275862068965517, 0.8275862068965517, 0.7586206896551724, 0.7586206896551724, 0.7666666666666667]}, "test": {"Log Loss": [0.5016593423691407, 0.44753134637685804, 0.4569843214103077, 0.42869175243232177, 0.2728825579840714, 0.4002428277184167, 0.43318366269648617, 0.4914718892417578, 0.6067071903346133, 0.7153282986479766], "AUC": [0.8373205741626795, 0.8564593301435407, 0.8803827751196172, 0.8803827751196173, 0.9526315789473684, 0.9263157894736842, 0.8263157894736842, 0.8526315789473684, 0.8939393939393939, 0.7676767676767677], "Accuracy": [0.7666666666666667, 0.8666666666666667, 0.8333333333333334, 0.8, 0.8620689655172413, 0.7931034482758621, 0.8275862068965517, 0.8275862068965517, 0.7586206896551724, 0.7586206896551724], "F1": [0.7666666666666667, 0.8666666666666667, 0.8333333333333334, 0.8000000000000002, 0.8620689655172413, 0.7931034482758621, 0.8275862068965517, 0.8275862068965517, 0.7586206896551724, 0.7586206896551724]}}}