{
    "dataset_name": "openml__kc1__3917",
    "averages": {
        "train_averages": {
            "Log Loss": 0.3191412394897109,
            "AUC": 0.8561839952084511,
            "Accuracy": 0.8649237478122359,
            "F1": 0.8649237478122359
        },
        "val_averages": {
            "Log Loss": 0.34782884224339444,
            "AUC": 0.8191248706543179,
            "Accuracy": 0.8525299029564432,
            "F1": 0.8525299029564432
        },
        "test_averages": {
            "Log Loss": 0.3476891090357671,
            "AUC": 0.8193431028554962,
            "Accuracy": 0.8548995712028888,
            "F1": 0.8548995712028888
        }
    }
}