{"dataset": {"name": "openml__credit-g__31", "cat_idx": [0, 2, 3, 5, 6, 8, 9, 11, 13, 14, 16, 18, 19], "cat_dims": [4, 5, 10, 5, 5, 4, 3, 4, 3, 3, 4, 2, 2], "target_type": "binary", "num_classes": 1, "num_features": 20, "num_instances": 1000, "split_source": "openml"}, "scaler": "Quantile", "model": {"name": "TabPFNModel", "params": {}, "args": {"model_name": "TabPFNModel", "batch_size": 128, "scale_numerical_features": "Quantile", "val_batch_size": 256, "objective": "binary", "gpu_ids": [0], "use_gpu": true, "epochs": 500, "data_parallel": true, "early_stopping_rounds": 20, "dataset": "openml__credit-g__31", "cat_idx": [0, 2, 3, 5, 6, 8, 9, 11, 13, 14, 16, 18, 19], "num_features": 20, "subset_features": -1, "subset_rows": -1, "subset_features_method": "random", "subset_rows_method": "random", "cat_dims": [4, 5, 10, 5, 5, 4, 3, 4, 3, 3, 4, 2, 2], "num_classes": 1, "logging_period": 100}}, "experiemnt_args": {"experiment_config": "tabzilla_experiment_config.yml", "output_dir": "./results/TabPFN_RF_0.05/openml__credit-g__31", "write_predictions": false, "use_gpu": true, "gpu_ids": [0], "data_parallel": true, "n_random_trials": 30, "hparam_seed": 0, "n_opt_trials": 1, "batch_size": 128, "val_batch_size": 256, "scale_numerical_features": "Quantile", "early_stopping_rounds": 20, "epochs": 500, "logging_period": 100, "experiment_time_limit": 36000, "trial_time_limit": 7200, "subset_rows": -1, "subset_features": -1, "subset_rows_method": "random", "subset_features_method": "random", "subset_random_seed": 42}, "hparam_source": "sampler_30", "trial_number": 30, "exception": "None", "timers": {"train": [0.20570610200002193, 0.20806791900002963, 0.20717312699997592, 0.24802915499998335, 0.20602969599997323, 0.20734252400001196, 0.2080304309999974, 0.20853393799995956, 0.2070006470000294, 0.20629884699997092], "val": [0.25483902400003444, 0.25688458799999125, 0.2304398370000058, 0.26128944699996737, 0.25996758700000555, 0.2520427620000305, 0.28785579600003075, 0.28913926100000253, 0.2584687060000306, 0.2585294739999995], "test": [0.25596296699995946, 0.2554012840000155, 0.23358732900004497, 0.26059291499996107, 0.2555581520000487, 0.25281720399999585, 0.2868096770000079, 0.29268893200003276, 0.2571710980000148, 0.2552519219999567], "train-eval": [0.3375321720000102, 0.33942425300000423, 0.2977982950000069, 0.3496227759999897, 0.34158986600004937, 0.3351666049999835, 0.3775433380000095, 0.38269670299996505, 0.34156259100001307, 0.3388521250000167]}, "scorers": {"train": {"Log Loss": [0.3757430496632523, 0.35760155970322083, 0.3790751533617612, 0.35923361076639604, 0.3654622440818596, 0.37108966916908864, 0.3933105376560808, 0.39937108508637814, 0.3567616957234825, 0.3408776641987671], "AUC": [0.9100520833333332, 0.9220089285714286, 0.9022321428571429, 0.9226041666666667, 0.9191964285714286, 0.913876488095238, 0.8975818452380953, 0.8905208333333334, 0.9240104166666667, 0.9353943452380953], "Accuracy": [0.845, 0.8625, 0.8475, 0.85875, 0.85, 0.85125, 0.82875, 0.8275, 0.8625, 0.86875], "F1": [0.845, 0.8625, 0.8475, 0.85875, 0.85, 0.85125, 0.82875, 0.8275, 0.8625, 0.86875]}, "val": {"Log Loss": [0.49334865746923334, 0.5954536335825256, 0.522591171119251, 0.5156446742486187, 0.49003422165791105, 0.522198231229737, 0.4926139436691268, 0.5756430486871915, 0.5526136317829833, 0.48900881110920513], "AUC": [0.7976190476190476, 0.7052380952380952, 0.7552380952380953, 0.7742857142857142, 0.7933333333333333, 0.769047619047619, 0.8033333333333333, 0.7047619047619047, 0.7357142857142857, 0.7923809523809524], "Accuracy": [0.78, 0.71, 0.73, 0.69, 0.74, 0.76, 0.79, 0.74, 0.73, 0.76], "F1": [0.78, 0.7100000000000001, 0.7299999999999999, 0.69, 0.74, 0.76, 0.79, 0.74, 0.7299999999999999, 0.76]}, "test": {"Log Loss": [0.48180510411942523, 0.498109929505761, 0.5699504633854776, 0.5026771044979972, 0.5244752102218465, 0.4797148042328346, 0.5128096408012585, 0.49267640206509994, 0.5781046816788238, 0.546134641841951], "AUC": [0.801904761904762, 0.790952380952381, 0.7185714285714284, 0.7723809523809524, 0.7728571428571429, 0.8057142857142857, 0.7604761904761904, 0.8171428571428572, 0.7076190476190476, 0.7538095238095238], "Accuracy": [0.74, 0.79, 0.74, 0.77, 0.68, 0.72, 0.75, 0.8, 0.75, 0.75], "F1": [0.74, 0.79, 0.74, 0.7699999999999999, 0.68, 0.72, 0.75, 0.8000000000000002, 0.75, 0.75]}}}