{
    "dataset_name": "openml__mfeat-fourier__14",
    "averages": {
        "train_averages": {
            "Log Loss": 0.5131241715844505,
            "AUC": 0.9801146918402777,
            "Accuracy": 0.7925625000000001,
            "F1": 0.7919828958425067
        },
        "val_averages": {
            "Log Loss": 0.7335494688389959,
            "AUC": 0.9631722222222223,
            "Accuracy": 0.7234999999999999,
            "F1": 0.7202087939083255
        },
        "test_averages": {
            "Log Loss": 0.7300596610889931,
            "AUC": 0.9632472222222223,
            "Accuracy": 0.7284999999999999,
            "F1": 0.7253135732837643
        }
    }
}