{
    "dataset_name": "openml__mfeat-zernike__22",
    "averages": {
        "train_averages": {
            "Log Loss": 2.006560820225048,
            "AUC": 0.6662125868055554,
            "Accuracy": 0.2368125,
            "F1": 0.19233347872532253
        },
        "val_averages": {
            "Log Loss": 2.023078985184415,
            "AUC": 0.6458625,
            "Accuracy": 0.21900000000000003,
            "F1": 0.17892420440007117
        },
        "test_averages": {
            "Log Loss": 2.0230114474817364,
            "AUC": 0.6479597222222222,
            "Accuracy": 0.2225,
            "F1": 0.18216241008085932
        }
    }
}