{"dataset": {"name": "openml__monks-problems-2__146065", "cat_idx": [0, 1, 2, 3, 4, 5], "cat_dims": [3, 3, 2, 3, 4, 2], "target_type": "binary", "num_classes": 1, "num_features": 6, "num_instances": 601, "split_source": "openml"}, "scaler": "Quantile", "model": {"name": "TabPFNModel", "params": {}, "args": {"model_name": "TabPFNModel", "batch_size": 128, "scale_numerical_features": "Quantile", "val_batch_size": 256, "objective": "binary", "gpu_ids": [0], "use_gpu": true, "epochs": 500, "data_parallel": true, "early_stopping_rounds": 20, "dataset": "openml__monks-problems-2__146065", "cat_idx": [0, 1, 2, 3, 4, 5], "num_features": 6, "subset_features": -1, "subset_rows": -1, "subset_features_method": "random", "subset_rows_method": "random", "cat_dims": [3, 3, 2, 3, 4, 2], "num_classes": 1, "logging_period": 100}}, "experiemnt_args": {"experiment_config": "tabzilla_experiment_config.yml", "output_dir": "./results/TabPFN_RF_0.05/openml__monks-problems-2__146065", "write_predictions": false, "use_gpu": true, "gpu_ids": [0], "data_parallel": true, "n_random_trials": 30, "hparam_seed": 0, "n_opt_trials": 1, "batch_size": 128, "val_batch_size": 256, "scale_numerical_features": "Quantile", "early_stopping_rounds": 20, "epochs": 500, "logging_period": 100, "experiment_time_limit": 36000, "trial_time_limit": 7200, "subset_rows": -1, "subset_features": -1, "subset_rows_method": "random", "subset_features_method": "random", "subset_random_seed": 42}, "hparam_source": "sampler_30", "trial_number": 30, "exception": "None", "timers": {"train": [0.1427353450000055, 0.1423984300000143, 0.1488812590000066, 0.15131937900000025, 0.14512588900001333, 0.14338686299998926, 0.14498596999999336, 0.1447570499999813, 0.14413012100001765, 0.1430928389999906], "val": [0.1899265320000154, 0.19074677000000406, 0.18809040200000027, 0.18926468000000796, 0.19071553999998514, 0.19263003199998252, 0.190562663999998, 0.19092736799998988, 0.18824574800001415, 0.18947233500000493], "test": [0.1913609059999999, 0.20779062200000453, 0.18837513999997668, 0.19116168100001119, 0.20139843599997675, 0.19236085999997954, 0.1920729450000067, 0.1906541860000175, 0.19926745500001175, 0.18766192800001136], "train-eval": [0.23221899800000756, 0.23173322499999927, 0.24447363599998084, 0.23074283899998704, 0.23224631700000486, 0.2331888539999909, 0.23203472499997702, 0.23175296200000162, 0.2282861280000077, 0.23092558099997973]}, "scorers": {"train": {"Log Loss": [0.0007274608920618321, 0.0013210136428152988, 0.0008215077273785066, 0.0006846200395007247, 0.0015875562811514463, 0.0010547408281656534, 0.001054794393065704, 0.0009287012256570213, 0.0010110624812969568, 0.0008755619616447655], "AUC": [1.0, 1.0, 1.0, 1.0, 1.0, 1.0, 1.0, 1.0, 1.0, 1.0], "Accuracy": [1.0, 1.0, 1.0, 1.0, 1.0, 1.0, 1.0, 1.0, 1.0, 1.0], "F1": [1.0, 1.0, 1.0, 1.0, 1.0, 1.0, 1.0, 1.0, 1.0, 1.0]}, "val": {"Log Loss": [0.0071570559808188435, 0.018826200918346102, 0.011677496826803226, 0.006473561774886468, 0.01846895929229533, 0.012767428036570517, 0.0021938482076999948, 0.005564536016421645, 0.004424359243771074, 0.002312353288178098], "AUC": [1.0, 1.0, 1.0, 1.0, 1.0, 1.0, 1.0, 1.0, 1.0, 1.0], "Accuracy": [1.0, 1.0, 1.0, 1.0, 1.0, 1.0, 1.0, 1.0, 1.0, 1.0], "F1": [1.0, 1.0, 1.0, 1.0, 1.0, 1.0, 1.0, 1.0, 1.0, 1.0]}, "test": {"Log Loss": [0.001994134482986201, 0.0202335691511842, 0.012012776690015992, 0.01003741394940439, 0.01760172765496709, 0.004996423029324309, 0.012608733022393659, 0.0035053684806275, 0.0076774331029866895, 0.0013401415952154698], "AUC": [1.0, 1.0, 1.0, 1.0, 1.0, 1.0, 1.0, 1.0, 1.0, 1.0], "Accuracy": [1.0, 1.0, 1.0, 1.0, 1.0, 1.0, 1.0, 1.0, 1.0, 1.0], "F1": [1.0, 1.0, 1.0, 1.0, 1.0, 1.0, 1.0, 1.0, 1.0, 1.0]}}}