{
    "dataset_name": "openml__profb__3561",
    "averages": {
        "train_averages": {
            "Log Loss": 0.5072102223119634,
            "AUC": 0.829818512305596,
            "Accuracy": 0.7501985178053576,
            "F1": 0.7501985178053574
        },
        "val_averages": {
            "Log Loss": 0.6014726996048284,
            "AUC": 0.6756829161176988,
            "Accuracy": 0.6770632133450396,
            "F1": 0.6770632133450396
        },
        "test_averages": {
            "Log Loss": 0.5989329031612425,
            "AUC": 0.6752986385595081,
            "Accuracy": 0.6830114135206322,
            "F1": 0.6830114135206322
        }
    }
}