{"dataset": {"name": "openml__profb__3561", "cat_idx": [3, 4, 7, 8], "cat_dims": [28, 28, 5, 2], "target_type": "binary", "num_classes": 1, "num_features": 9, "num_instances": 672, "split_source": "openml"}, "scaler": "Quantile", "model": {"name": "TabPFNModel", "params": {}, "args": {"model_name": "TabPFNModel", "batch_size": 128, "scale_numerical_features": "Quantile", "val_batch_size": 256, "objective": "binary", "gpu_ids": [0], "use_gpu": true, "epochs": 500, "data_parallel": true, "early_stopping_rounds": 20, "dataset": "openml__profb__3561", "cat_idx": [3, 4, 7, 8], "num_features": 9, "subset_features": -1, "subset_rows": -1, "subset_features_method": "random", "subset_rows_method": "random", "cat_dims": [28, 28, 5, 2], "num_classes": 1, "logging_period": 100}}, "experiemnt_args": {"experiment_config": "tabzilla_experiment_config.yml", "output_dir": "./results/TabPFN_RF_0.05/openml__profb__3561", "write_predictions": false, "use_gpu": true, "gpu_ids": [0], "data_parallel": true, "n_random_trials": 30, "hparam_seed": 0, "n_opt_trials": 1, "batch_size": 128, "val_batch_size": 256, "scale_numerical_features": "Quantile", "early_stopping_rounds": 20, "epochs": 500, "logging_period": 100, "experiment_time_limit": 36000, "trial_time_limit": 7200, "subset_rows": -1, "subset_features": -1, "subset_rows_method": "random", "subset_features_method": "random", "subset_random_seed": 42}, "hparam_source": "sampler_30", "trial_number": 30, "exception": "None", "timers": {"train": [0.1840043110000238, 0.18044672199999923, 0.1808555900000215, 0.18637215999996215, 0.18740013100000397, 0.180886949000012, 0.17987965800000438, 0.18102086900000813, 0.18286183600002914, 0.18301854599997114], "val": [0.2218179739999755, 0.22758310699998674, 0.21050570899996046, 0.20407282100001112, 0.20982083199999124, 0.20778092700004436, 0.22900285299999723, 0.20653186900000264, 0.20741113000002542, 0.20481785900000204], "test": [0.22679713000002266, 0.2315558369999735, 0.21192963700002565, 0.20937192499997082, 0.20808602500000006, 0.20699327400001266, 0.22790358100002095, 0.20662977299997465, 0.2065848189999997, 0.20836345899999742], "train-eval": [0.28534329399997205, 0.28196815900003, 0.25806093799997143, 0.26295318800004, 0.2587470159999725, 0.25777359099998876, 0.2884661350000215, 0.25747446900004434, 0.2577925960000016, 0.2549120470000048]}, "scorers": {"train": {"Log Loss": [0.4966301839293183, 0.5043628250024613, 0.5334735575144914, 0.5160230335633365, 0.47375094405975304, 0.5110575244559208, 0.5194833373074554, 0.5458450307844596, 0.5083366305868454, 0.46313915591559246], "AUC": [0.85313225786203, 0.8344464904341313, 0.786468032278088, 0.8089075108628181, 0.8769397889509623, 0.8243637492240845, 0.8173805090006208, 0.7803022050699491, 0.8232521847690387, 0.8929923946042377], "Accuracy": [0.7649253731343284, 0.7523277467411545, 0.7267657992565055, 0.7490706319702602, 0.7676579925650557, 0.7490706319702602, 0.741635687732342, 0.7174721189591078, 0.7472118959107806, 0.7858472998137802], "F1": [0.7649253731343283, 0.7523277467411545, 0.7267657992565054, 0.7490706319702602, 0.7676579925650557, 0.7490706319702602, 0.741635687732342, 0.7174721189591078, 0.7472118959107806, 0.7858472998137801]}, "val": {"Log Loss": [0.615881650551459, 0.62816953725973, 0.6012633567038106, 0.630693308423177, 0.5809274769636698, 0.61650793804939, 0.555925074775421, 0.5856722443086585, 0.6262942075128208, 0.5733922015001477], "AUC": [0.6454106280193237, 0.6313131313131314, 0.6888888888888889, 0.6272727272727272, 0.6959595959595959, 0.6313131313131314, 0.7787878787878788, 0.7035573122529644, 0.6403162055335968, 0.7140096618357488], "Accuracy": [0.7058823529411765, 0.6716417910447762, 0.6865671641791045, 0.6865671641791045, 0.6567164179104478, 0.6865671641791045, 0.7164179104477612, 0.6865671641791045, 0.6119402985074627, 0.6617647058823529], "F1": [0.7058823529411765, 0.6716417910447762, 0.6865671641791045, 0.6865671641791045, 0.6567164179104478, 0.6865671641791045, 0.7164179104477613, 0.6865671641791045, 0.6119402985074627, 0.6617647058823529]}, "test": {"Log Loss": [0.5803352982441827, 0.6085833502131706, 0.6061502875859898, 0.6081518163068991, 0.62471012823964, 0.5762165234985125, 0.6220988337546997, 0.5585303826635643, 0.5815900378385445, 0.6229623732672225], "AUC": [0.7053140096618358, 0.6647342995169082, 0.6565656565656565, 0.6707070707070707, 0.6303030303030303, 0.709090909090909, 0.601010101010101, 0.7565656565656566, 0.7164031620553359, 0.6422924901185771], "Accuracy": [0.6764705882352942, 0.7058823529411765, 0.6716417910447762, 0.6865671641791045, 0.6716417910447762, 0.6865671641791045, 0.6716417910447762, 0.7164179104477612, 0.6865671641791045, 0.6567164179104478], "F1": [0.6764705882352942, 0.7058823529411765, 0.6716417910447762, 0.6865671641791045, 0.6716417910447762, 0.6865671641791045, 0.6716417910447762, 0.7164179104477613, 0.6865671641791045, 0.6567164179104478]}}}