{
    "dataset_name": "openml__qsar-biodeg__9957",
    "averages": {
        "train_averages": {
            "Log Loss": 0.3072043178759726,
            "AUC": 0.9387702432150414,
            "Accuracy": 0.870735857945585,
            "F1": 0.870735857945585
        },
        "val_averages": {
            "Log Loss": 0.4177622573603929,
            "AUC": 0.8777531466692959,
            "Accuracy": 0.8151662174303684,
            "F1": 0.8151662174303684
        },
        "test_averages": {
            "Log Loss": 0.41585538641500464,
            "AUC": 0.8763646357093562,
            "Accuracy": 0.8142228212039534,
            "F1": 0.8142228212039534
        }
    }
}