{
    "dataset_name": "openml__socmob__3797",
    "averages": {
        "train_averages": {
            "Log Loss": 0.1084055455755892,
            "AUC": 0.9896956275017967,
            "Accuracy": 0.9562079936097213,
            "F1": 0.9562079936097213
        },
        "val_averages": {
            "Log Loss": 0.1620377793976327,
            "AUC": 0.9782376068376071,
            "Accuracy": 0.9334182908545727,
            "F1": 0.9334182908545727
        },
        "test_averages": {
            "Log Loss": 0.1625450532674571,
            "AUC": 0.978480341880342,
            "Accuracy": 0.9334257871064467,
            "F1": 0.9334257871064467
        }
    }
}