{"dataset": {"name": "openml__socmob__3797", "cat_idx": [0, 1, 2, 3], "cat_dims": [17, 17, 2, 2], "target_type": "binary", "num_classes": 1, "num_features": 5, "num_instances": 1156, "split_source": "openml"}, "scaler": "Quantile", "model": {"name": "TabPFNModel", "params": {}, "args": {"model_name": "TabPFNModel", "batch_size": 128, "scale_numerical_features": "Quantile", "val_batch_size": 256, "objective": "binary", "gpu_ids": [0], "use_gpu": true, "epochs": 500, "data_parallel": true, "early_stopping_rounds": 20, "dataset": "openml__socmob__3797", "cat_idx": [0, 1, 2, 3], "num_features": 5, "subset_features": -1, "subset_rows": -1, "subset_features_method": "random", "subset_rows_method": "random", "cat_dims": [17, 17, 2, 2], "num_classes": 1, "logging_period": 100}}, "experiemnt_args": {"experiment_config": "tabzilla_experiment_config.yml", "output_dir": "./results/TabPFN_RF_0.05/openml__socmob__3797", "write_predictions": false, "use_gpu": true, "gpu_ids": [0], "data_parallel": true, "n_random_trials": 30, "hparam_seed": 0, "n_opt_trials": 1, "batch_size": 128, "val_batch_size": 256, "scale_numerical_features": "Quantile", "early_stopping_rounds": 20, "epochs": 500, "logging_period": 100, "experiment_time_limit": 36000, "trial_time_limit": 7200, "subset_rows": -1, "subset_features": -1, "subset_rows_method": "random", "subset_features_method": "random", "subset_random_seed": 42}, "hparam_source": "sampler_30", "trial_number": 30, "exception": "None", "timers": {"train": [0.16155610399999887, 0.16237061499998617, 0.16202256099995793, 0.16156595199998947, 0.16556876600003534, 0.16227438399999983, 0.16626197900001216, 0.1633920710000325, 0.1643293469999776, 0.16429627700000538], "val": [0.24408328499998788, 0.24290838100000656, 0.2557407430000467, 0.2452053229999933, 0.2446328910000375, 0.24520228800002997, 0.24684068200002685, 0.24565097400000013, 0.24505920699999706, 0.24815098300001637], "test": [0.2436090339999737, 0.24277043499995443, 0.24435443800001622, 0.24519617099997504, 0.2442126609999491, 0.2438489370000525, 0.24636323300001095, 0.2451311429999805, 0.24491407400000753, 0.24517055499995877], "train-eval": [0.3252128380000272, 0.3232428949999644, 0.32475242399999615, 0.3271426139999676, 0.3251616860000013, 0.3245851809999749, 0.328000325000005, 0.32582487399997717, 0.32777950300004477, 0.3282863879999809]}, "scorers": {"train": {"Log Loss": [0.10863269332735843, 0.1006270029614428, 0.10182194942835802, 0.09911814391319769, 0.10047408380634926, 0.113288299598078, 0.11631786301211038, 0.11597135578474696, 0.11768530059307826, 0.11011876333117222], "AUC": [0.9896786492374727, 0.9914351851851853, 0.9913671023965142, 0.9916666666666666, 0.9912105119825709, 0.9884756097560976, 0.9881135382955771, 0.9881944444444445, 0.9877359762675297, 0.9890785907859079], "Accuracy": [0.9534632034632035, 0.9545454545454546, 0.95995670995671, 0.9588744588744589, 0.9577922077922078, 0.9578378378378378, 0.9546436285097192, 0.9524838012958964, 0.9535637149028078, 0.9589189189189189], "F1": [0.9534632034632035, 0.9545454545454546, 0.95995670995671, 0.9588744588744589, 0.9577922077922078, 0.9578378378378378, 0.9546436285097192, 0.9524838012958964, 0.9535637149028078, 0.9589189189189189]}, "val": {"Log Loss": [0.23564001846251184, 0.16241159249652726, 0.1274476582442826, 0.29584861969826537, 0.11653540899223158, 0.12457364771436816, 0.12017929867003115, 0.13726082207383158, 0.17136709181132687, 0.12911363581295077], "AUC": [0.9641025641025641, 0.9782051282051282, 0.9854700854700855, 0.9504273504273504, 0.9876068376068377, 0.9862222222222222, 0.9875555555555555, 0.9826666666666667, 0.9742222222222222, 0.985897435897436], "Accuracy": [0.9051724137931034, 0.9310344827586207, 0.9310344827586207, 0.9224137931034483, 0.9396551724137931, 0.9565217391304348, 0.9478260869565217, 0.9391304347826087, 0.9217391304347826, 0.9396551724137931], "F1": [0.9051724137931035, 0.9310344827586207, 0.9310344827586207, 0.9224137931034483, 0.9396551724137931, 0.9565217391304348, 0.9478260869565217, 0.9391304347826087, 0.9217391304347826, 0.9396551724137931]}, "test": {"Log Loss": [0.1271081880912476, 0.2283974693117845, 0.16227563363580944, 0.1354871175013369, 0.29144512716856014, 0.1171369658323887, 0.12889749022263808, 0.13514898736667882, 0.12932893737342416, 0.17022461617070284], "AUC": [0.9876068376068375, 0.9658119658119658, 0.9794871794871796, 0.9833333333333334, 0.9521367521367521, 0.9893162393162394, 0.9853333333333334, 0.984, 0.9853333333333334, 0.9724444444444444], "Accuracy": [0.9396551724137931, 0.896551724137931, 0.9310344827586207, 0.9310344827586207, 0.9224137931034483, 0.9396551724137931, 0.9565217391304348, 0.9391304347826087, 0.9478260869565217, 0.9304347826086956], "F1": [0.9396551724137931, 0.896551724137931, 0.9310344827586207, 0.9310344827586207, 0.9224137931034483, 0.9396551724137931, 0.9565217391304348, 0.9391304347826087, 0.9478260869565217, 0.9304347826086956]}}}