{
    "dataset_name": "openml__vehicle__53",
    "averages": {
        "train_averages": {
            "Log Loss": 0.14931366545492092,
            "AUC": 0.998595320017176,
            "Accuracy": 0.982271001755865,
            "F1": 0.9822631095644775
        },
        "val_averages": {
            "Log Loss": 0.4122147486328959,
            "AUC": 0.9384466160564078,
            "Accuracy": 0.769453781512605,
            "F1": 0.7631640257332892
        },
        "test_averages": {
            "Log Loss": 0.4189649904733105,
            "AUC": 0.9381059268349938,
            "Accuracy": 0.7706302521008404,
            "F1": 0.7655287723573364
        }
    }
}