{
    "dataset_name": "openml__artificial-characters__14964",
    "averages": {
        "train_averages": {
            "Log Loss": 0.5612454599074865,
            "AUC": 0.9825532920938913,
            "Accuracy": 0.7826000000000001,
            "F1": 0.7720320085278763
        },
        "val_averages": {
            "Log Loss": 0.8014882608803078,
            "AUC": 0.9529226440699828,
            "Accuracy": 0.6132316270261879,
            "F1": 0.5951168432100822
        },
        "test_averages": {
            "Log Loss": 0.8004888714090473,
            "AUC": 0.9529581705251005,
            "Accuracy": 0.6157796834000663,
            "F1": 0.5978296057115051
        },
        "average_train_time": 0.0005054959000290182
    }
}