{"dataset": {"name": "openml__Australian__146818", "cat_idx": [0, 3, 4, 5, 7, 8, 10, 11], "cat_dims": [2, 3, 14, 8, 2, 2, 2, 3], "target_type": "binary", "num_classes": 1, "num_features": 14, "num_instances": 690, "split_source": "openml"}, "scaler": "Quantile", "model": {"name": "TabPFNModel", "params": {}, "args": {"model_name": "TabPFNModel", "batch_size": 128, "scale_numerical_features": "Quantile", "val_batch_size": 256, "objective": "binary", "gpu_ids": [0], "use_gpu": true, "epochs": 500, "data_parallel": true, "early_stopping_rounds": 20, "dataset": "openml__Australian__146818", "cat_idx": [0, 3, 4, 5, 7, 8, 10, 11], "num_features": 14, "subset_features": 10, "subset_rows": -1, "subset_features_method": "mutual_information", "subset_rows_method": "random", "cat_dims": [2, 3, 14, 8, 2, 2, 2, 3], "num_classes": 1, "logging_period": 100}}, "experiemnt_args": {"experiment_config": "tabzilla_experiment_config.yml", "output_dir": "./results/TabPFN_MUT/openml__Australian__146818", "write_predictions": false, "use_gpu": true, "gpu_ids": [0], "data_parallel": true, "n_random_trials": 30, "hparam_seed": 0, "n_opt_trials": 1, "batch_size": 128, "val_batch_size": 256, "scale_numerical_features": "Quantile", "early_stopping_rounds": 20, "epochs": 500, "logging_period": 100, "experiment_time_limit": 36000, "trial_time_limit": 7200, "subset_rows": -1, "subset_features": 10, "subset_rows_method": "random", "subset_features_method": "mutual_information", "subset_random_seed": 42}, "hparam_source": "sampler_30", "trial_number": 30, "exception": "None", "timers": {"train": [0.000577579999912814, 0.0005728690000523784, 0.000590029000022696, 0.0005351539999765009, 0.0005281180000338281, 0.0005729419999624952, 0.0005925709999701212, 0.0006183779998991668, 0.0005454109999618595, 0.0005796149999923728], "val": [0.700386103000028, 0.700593415999947, 0.698750251999968, 0.7038771299999098, 0.6979300389999707, 0.7022947380000915, 0.7015067359999421, 0.6939850750000005, 0.6969127280000293, 0.71178810899994], "test": [0.6913909759999797, 0.6979446369999778, 0.6954254959999844, 0.6891934609999453, 0.7002510350000648, 0.7012659100000747, 0.6957331569999496, 0.7040231360000462, 0.70222289000003, 0.6992180009999629], "train-eval": [0.9654393359999176, 0.964348851000068, 0.9579460300000164, 0.9605863210000507, 0.9512441599999875, 0.9578053840000393, 0.9646413460000076, 0.965113524000003, 0.9618291250000084, 0.9622610479999594]}, "scorers": {"train": {"Log Loss": [0.2570790658028651, 0.22829467076701174, 0.2492521735324769, 0.25323730171643233, 0.24606378804007786, 0.24928666147497194, 0.2273984100961627, 0.25990368327334495, 0.25222965957193577, 0.24789724037494093], "AUC": [0.9613640896097853, 0.9688891843382303, 0.9656584457887389, 0.9640497241241773, 0.9643821046333843, 0.9630991158678455, 0.9691335883947074, 0.9601380500431407, 0.9626999402668082, 0.9651416122004357], "Accuracy": [0.8894927536231884, 0.9003623188405797, 0.9003623188405797, 0.8985507246376812, 0.8985507246376812, 0.8913043478260869, 0.8985507246376812, 0.894927536231884, 0.8894927536231884, 0.8931159420289855], "F1": [0.8894927536231884, 0.9003623188405797, 0.9003623188405797, 0.8985507246376812, 0.8985507246376812, 0.8913043478260869, 0.8985507246376812, 0.894927536231884, 0.8894927536231884, 0.8931159420289856]}, "val": {"Log Loss": [0.35400703621331675, 0.4193384811737754, 0.3433350256709822, 0.2781900649627162, 0.24072720146812387, 0.4104096766741853, 0.3752807622549831, 0.2799592859044224, 0.37153467865399237, 0.24727600574129524], "AUC": [0.9303904923599321, 0.9185059422750425, 0.9371816638370118, 0.9490662139219015, 0.966044142614601, 0.8994057724957556, 0.9264957264957264, 0.9555555555555555, 0.9170940170940172, 0.9651952461799661], "Accuracy": [0.855072463768116, 0.8260869565217391, 0.8115942028985508, 0.8840579710144928, 0.8695652173913043, 0.8840579710144928, 0.9130434782608695, 0.8695652173913043, 0.8405797101449275, 0.8985507246376812], "F1": [0.855072463768116, 0.8260869565217391, 0.8115942028985508, 0.8840579710144928, 0.8695652173913043, 0.8840579710144928, 0.9130434782608695, 0.8695652173913043, 0.8405797101449275, 0.8985507246376812]}, "test": {"Log Loss": [0.23592244341430585, 0.3646342132232206, 0.4187047265891684, 0.3188534146980023, 0.2958228782516781, 0.22686741883138486, 0.4342896291354795, 0.36233826484020043, 0.2800958181304304, 0.37465660515139093], "AUC": [0.9668930390492361, 0.9185059422750423, 0.9210526315789473, 0.9405772495755518, 0.9465195246179966, 0.9685908319185059, 0.8926146010186757, 0.9307692307692308, 0.9572649572649573, 0.9136752136752138], "Accuracy": [0.8985507246376812, 0.855072463768116, 0.8405797101449275, 0.855072463768116, 0.8695652173913043, 0.855072463768116, 0.8840579710144928, 0.9130434782608695, 0.8840579710144928, 0.8405797101449275], "F1": [0.8985507246376812, 0.855072463768116, 0.8405797101449275, 0.855072463768116, 0.8695652173913043, 0.855072463768116, 0.8840579710144928, 0.9130434782608695, 0.8840579710144928, 0.8405797101449275]}}}