{
    "dataset_name": "openml__Australian__146818",
    "averages": {
        "train_averages": {
            "Log Loss": 0.24706426546502205,
            "AUC": 0.9644555855267253,
            "Accuracy": 0.8954710144927537,
            "F1": 0.8954710144927537
        },
        "val_averages": {
            "Log Loss": 0.3320058218717793,
            "AUC": 0.9364934772829511,
            "Accuracy": 0.8652173913043478,
            "F1": 0.8652173913043478
        },
        "test_averages": {
            "Log Loss": 0.3312185412265261,
            "AUC": 0.9356463221743357,
            "Accuracy": 0.8695652173913044,
            "F1": 0.8695652173913044
        },
        "average_train_time": 0.0005712666999784233
    }
}