{
    "dataset_name": "openml__Bioresponse__9910",
    "averages": {
        "train_averages": {
            "Log Loss": 0.3653963161389897,
            "AUC": 0.9287310358905735,
            "Accuracy": 0.8351,
            "F1": 0.8351
        },
        "val_averages": {
            "Log Loss": 0.5275004657007347,
            "AUC": 0.8179657739256971,
            "Accuracy": 0.7566078014184396,
            "F1": 0.7566078014184396
        },
        "test_averages": {
            "Log Loss": 0.5244186197263271,
            "AUC": 0.8200112814532623,
            "Accuracy": 0.755804964539007,
            "F1": 0.755804964539007
        },
        "average_train_time": 0.0004940399999213696
    }
}