{
    "dataset_name": "openml__cnae-9__9981",
    "averages": {
        "train_averages": {
            "Log Loss": 1.0155487571464703,
            "AUC": 0.8906813633294753,
            "Accuracy": 0.5761574074074075,
            "F1": 0.5393354750021144
        },
        "val_averages": {
            "Log Loss": 1.0789317776145344,
            "AUC": 0.8837770061728394,
            "Accuracy": 0.5638888888888889,
            "F1": 0.5229380488578516
        },
        "test_averages": {
            "Log Loss": 1.0789148664463009,
            "AUC": 0.8833043981481481,
            "Accuracy": 0.5601851851851852,
            "F1": 0.5190604646109973
        },
        "average_train_time": 0.0005035025999859499
    }
}