{"dataset": {"name": "openml__colic__27", "cat_idx": [0, 1, 5, 6, 7, 8, 9, 10, 11, 12, 13, 15, 16, 19, 21], "cat_dims": [3, 2, 5, 5, 7, 4, 6, 5, 5, 4, 4, 5, 6, 4, 4], "target_type": "binary", "num_classes": 1, "num_features": 22, "num_instances": 368, "split_source": "openml"}, "scaler": "Quantile", "model": {"name": "TabPFNModel", "params": {}, "args": {"model_name": "TabPFNModel", "batch_size": 128, "scale_numerical_features": "Quantile", "val_batch_size": 256, "objective": "binary", "gpu_ids": [0], "use_gpu": true, "epochs": 500, "data_parallel": true, "early_stopping_rounds": 20, "dataset": "openml__colic__27", "cat_idx": [0, 1, 5, 6, 7, 8, 9, 10, 11, 12, 13, 15, 16, 19, 21], "num_features": 22, "subset_features": 10, "subset_rows": -1, "subset_features_method": "mutual_information", "subset_rows_method": "random", "cat_dims": [3, 2, 5, 5, 7, 4, 6, 5, 5, 4, 4, 5, 6, 4, 4], "num_classes": 1, "logging_period": 100}}, "experiemnt_args": {"experiment_config": "tabzilla_experiment_config.yml", "output_dir": "./results/TabPFN_MUT/openml__colic__27", "write_predictions": false, "use_gpu": true, "gpu_ids": [0], "data_parallel": true, "n_random_trials": 30, "hparam_seed": 0, "n_opt_trials": 1, "batch_size": 128, "val_batch_size": 256, "scale_numerical_features": "Quantile", "early_stopping_rounds": 20, "epochs": 500, "logging_period": 100, "experiment_time_limit": 36000, "trial_time_limit": 7200, "subset_rows": -1, "subset_features": 10, "subset_rows_method": "random", "subset_features_method": "mutual_information", "subset_random_seed": 42}, "hparam_source": "sampler_30", "trial_number": 30, "exception": "None", "timers": {"train": [0.00042149200004359955, 0.00046616600002380437, 0.0005383990000495942, 0.000451404999978422, 0.00046478899997737244, 0.00045041499998887957, 0.00044710100002021136, 0.0005004600000120263, 0.0004573840000148266, 0.0004933230000006006], "val": [0.2956897090000439, 0.2940362490000439, 0.2963527549999867, 0.29343998999996757, 0.2966780719999633, 0.2995597470000462, 0.29497105799998735, 0.2947240029999989, 0.29666864300003226, 0.29676693200002546], "test": [0.30740894600000956, 0.31171871899999815, 0.3140790049999964, 0.3125198690000275, 0.3117171239999834, 0.31119034199997486, 0.313300326999979, 0.30943438499997455, 0.31182039800000894, 0.31070397000002004], "train-eval": [0.5387806150000074, 0.5354288169999677, 0.5339672169999972, 0.5353497709999715, 0.5491622440000015, 0.5473796619999689, 0.5473901849999834, 0.5495891770000298, 0.544395164999969, 0.5412107880000008]}, "scorers": {"train": {"Log Loss": [0.21123751486495201, 0.21502679943358766, 0.1998930259663058, 0.13543378752956423, 0.11935739917825859, 0.16489610518780218, 0.1653406624176565, 0.12689366410760428, 0.13627474457594083, 0.15226188126473908], "AUC": [0.9815711462450593, 0.9797669228861889, 0.9828255675029869, 0.9967144563918757, 0.9990541616885703, 0.991089207487057, 0.9892970927917164, 0.9947716286869884, 0.9948680351906158, 0.9935135135135134], "Accuracy": [0.9149659863945578, 0.9047619047619048, 0.9183673469387755, 0.9625850340136054, 0.9693877551020408, 0.9489795918367347, 0.9319727891156463, 0.9491525423728814, 0.9594594594594594, 0.9559322033898305], "F1": [0.9149659863945578, 0.9047619047619048, 0.9183673469387755, 0.9625850340136054, 0.9693877551020408, 0.9489795918367347, 0.9319727891156463, 0.9491525423728814, 0.9594594594594594, 0.9559322033898305]}, "val": {"Log Loss": [0.26998647354684424, 0.3050809820130301, 0.3053491601386667, 0.4611052991596153, 0.3035410032763867, 0.4129210974017852, 0.6643069605103346, 0.6111973919963909, 0.41963813930002203, 0.33754645890337454], "AUC": [0.9647435897435896, 0.9503105590062112, 0.9130434782608695, 0.906832298136646, 0.9347826086956521, 0.8664596273291926, 0.7453416149068323, 0.765886287625418, 0.8795986622073578, 0.8942307692307692], "Accuracy": [0.918918918918919, 0.8378378378378378, 0.8918918918918919, 0.8378378378378378, 0.8918918918918919, 0.8378378378378378, 0.7567567567567568, 0.8055555555555556, 0.8611111111111112, 0.918918918918919], "F1": [0.918918918918919, 0.8378378378378378, 0.8918918918918919, 0.8378378378378378, 0.8918918918918919, 0.8378378378378378, 0.7567567567567567, 0.8055555555555556, 0.8611111111111112, 0.918918918918919]}, "test": {"Log Loss": [0.32015386654927613, 0.2782975789005967, 0.2983135415830006, 0.27988701740727157, 0.4811130677607771, 0.2979915243804787, 0.45169022190082914, 0.7132055970305482, 0.5053401507075184, 0.44135831250114255], "AUC": [0.9038461538461537, 0.9615384615384615, 0.9565217391304348, 0.9316770186335404, 0.8819875776397516, 0.9472049689440993, 0.8571428571428572, 0.7142857142857143, 0.8160535117056856, 0.8662207357859532], "Accuracy": [0.918918918918919, 0.8918918918918919, 0.8648648648648649, 0.918918918918919, 0.8378378378378378, 0.8918918918918919, 0.8648648648648649, 0.7567567567567568, 0.7777777777777778, 0.8055555555555556], "F1": [0.918918918918919, 0.8918918918918919, 0.8648648648648649, 0.918918918918919, 0.8378378378378378, 0.8918918918918919, 0.8648648648648649, 0.7567567567567567, 0.7777777777777778, 0.8055555555555556]}}}