{"dataset": {"name": "openml__colic__25", "cat_idx": [0, 1, 5, 6, 7, 8, 9, 10, 11, 12, 13, 15, 16, 19, 21, 22, 23, 24, 25], "cat_dims": [3, 2, 5, 5, 7, 4, 6, 5, 5, 4, 4, 5, 6, 4, 4, 2, 63, 8, 2], "target_type": "binary", "num_classes": 1, "num_features": 26, "num_instances": 368, "split_source": "openml"}, "scaler": "Quantile", "model": {"name": "TabPFNModel", "params": {}, "args": {"model_name": "TabPFNModel", "batch_size": 128, "scale_numerical_features": "Quantile", "val_batch_size": 256, "objective": "binary", "gpu_ids": [0], "use_gpu": true, "epochs": 500, "data_parallel": true, "early_stopping_rounds": 20, "dataset": "openml__colic__25", "cat_idx": [0, 1, 5, 6, 7, 8, 9, 10, 11, 12, 13, 15, 16, 19, 21, 22, 23, 24, 25], "num_features": 26, "subset_features": 10, "subset_rows": -1, "subset_features_method": "mutual_information", "subset_rows_method": "random", "cat_dims": [3, 2, 5, 5, 7, 4, 6, 5, 5, 4, 4, 5, 6, 4, 4, 2, 63, 8, 2], "num_classes": 1, "logging_period": 100}}, "experiemnt_args": {"experiment_config": "tabzilla_experiment_config.yml", "output_dir": "./results/TabPFN_MUT/openml__colic__25", "write_predictions": false, "use_gpu": true, "gpu_ids": [0], "data_parallel": true, "n_random_trials": 30, "hparam_seed": 0, "n_opt_trials": 1, "batch_size": 128, "val_batch_size": 256, "scale_numerical_features": "Quantile", "early_stopping_rounds": 20, "epochs": 500, "logging_period": 100, "experiment_time_limit": 36000, "trial_time_limit": 7200, "subset_rows": -1, "subset_features": 10, "subset_rows_method": "random", "subset_features_method": "mutual_information", "subset_random_seed": 42}, "hparam_source": "sampler_30", "trial_number": 30, "exception": "None", "timers": {"train": [0.0004538329999945745, 0.000446840999984488, 0.00046055900003239003, 0.00047910099999626254, 0.0004721539999650304, 0.0004810529999872415, 0.0004050599999914084, 0.0005193520000261742, 0.000438406999990093, 0.00047828999998955624], "val": [0.289322908000031, 0.2893176630000198, 0.2939190779999876, 0.2946972049999772, 0.29573553099999117, 0.29167333899999903, 0.2943263559999991, 0.295071509999957, 0.2887398889999986, 0.2950618780000127], "test": [0.3054537689999961, 0.3106107730000076, 0.3050803300000098, 0.30744670500001803, 0.30234818600001745, 0.3098295120000216, 0.31139650599999413, 0.31406225799997856, 0.30550745900001175, 0.31467214100001684], "train-eval": [0.5371840760000168, 0.5428792220000105, 0.540574515000003, 0.5378391930000248, 0.5372937419999744, 0.5367236909999633, 0.541541776000031, 0.5460678439999924, 0.5496071970000003, 0.5376350739999793]}, "scorers": {"train": {"Log Loss": [0.24496122141296053, 0.23879478708259297, 0.21048516542407378, 0.2231918045499428, 0.2169077991043462, 0.19733388826158418, 0.23233843561880912, 0.2281927928703251, 0.20551337920107782, 0.23837559184077195], "AUC": [0.9648711340206185, 0.9668298969072164, 0.9779639175257733, 0.9721574721574722, 0.9714441899208663, 0.9802686380674719, 0.969231570179092, 0.9706246134817562, 0.9794642857142858, 0.9655128205128205], "Accuracy": [0.9013605442176871, 0.8945578231292517, 0.9047619047619048, 0.9183673469387755, 0.9149659863945578, 0.9149659863945578, 0.9081632653061225, 0.9050847457627119, 0.918918918918919, 0.8983050847457628], "F1": [0.9013605442176871, 0.8945578231292517, 0.9047619047619048, 0.9183673469387755, 0.9149659863945578, 0.9149659863945578, 0.9081632653061225, 0.9050847457627119, 0.918918918918919, 0.8983050847457628]}, "val": {"Log Loss": [0.20190228800520743, 0.38848676527986653, 0.35164663965854726, 0.31954584118179713, 0.5174610032265207, 0.4838778732288185, 0.30413797043026447, 0.3458122429775226, 0.42945282312231287, 0.4192799814889619], "AUC": [0.9866666666666667, 0.8833333333333334, 0.9133333333333333, 0.923076923076923, 0.8397435897435898, 0.8621794871794872, 0.9326923076923077, 0.9166666666666666, 0.8680555555555556, 0.88], "Accuracy": [0.9459459459459459, 0.8918918918918919, 0.8378378378378378, 0.8918918918918919, 0.8108108108108109, 0.7837837837837838, 0.8918918918918919, 0.8333333333333334, 0.8333333333333334, 0.8918918918918919], "F1": [0.9459459459459459, 0.8918918918918919, 0.8378378378378378, 0.8918918918918919, 0.8108108108108109, 0.7837837837837838, 0.8918918918918919, 0.8333333333333334, 0.8333333333333334, 0.8918918918918919]}, "test": {"Log Loss": [0.42516570070376525, 0.21467026020425514, 0.3734596207981586, 0.35323216121433476, 0.30440179965515995, 0.599157882974845, 0.4464039563881817, 0.3037536773690365, 0.3377765964032505, 0.4344233201264959], "AUC": [0.8733333333333333, 0.99, 0.86, 0.9199999999999999, 0.9326923076923077, 0.8173076923076922, 0.8621794871794872, 0.9326923076923076, 0.9201388888888888, 0.8506944444444444], "Accuracy": [0.8918918918918919, 0.9459459459459459, 0.8648648648648649, 0.8648648648648649, 0.8918918918918919, 0.7837837837837838, 0.8378378378378378, 0.8918918918918919, 0.8333333333333334, 0.8333333333333334], "F1": [0.8918918918918919, 0.9459459459459459, 0.8648648648648649, 0.8648648648648649, 0.8918918918918919, 0.7837837837837838, 0.8378378378378378, 0.8918918918918919, 0.8333333333333334, 0.8333333333333334]}}}