{
    "dataset_name": "openml__colic__27",
    "averages": {
        "train_averages": {
            "Log Loss": 0.16266155845264113,
            "AUC": 0.990347173238457,
            "Accuracy": 0.9415564613385436,
            "F1": 0.9415564613385436
        },
        "val_averages": {
            "Log Loss": 0.409067296624645,
            "AUC": 0.882122949514254,
            "Accuracy": 0.8558558558558559,
            "F1": 0.8558558558558559
        },
        "test_averages": {
            "Log Loss": 0.4067350878721439,
            "AUC": 0.8836478738652651,
            "Accuracy": 0.8529279279279279,
            "F1": 0.8529279279279279
        },
        "average_train_time": 0.0004690934000109337
    }
}