{
    "dataset_name": "openml__colic__25",
    "averages": {
        "train_averages": {
            "Log Loss": 0.22360948653664847,
            "AUC": 0.9718368538487374,
            "Accuracy": 0.907945160657025,
            "F1": 0.907945160657025
        },
        "val_averages": {
            "Log Loss": 0.3761603428599819,
            "AUC": 0.9005747863247864,
            "Accuracy": 0.8612612612612611,
            "F1": 0.8612612612612611
        },
        "test_averages": {
            "Log Loss": 0.3792444975837483,
            "AUC": 0.8959038461538462,
            "Accuracy": 0.863963963963964,
            "F1": 0.863963963963964
        },
        "average_train_time": 0.0004634649999957219
    }
}