{"dataset": {"name": "openml__credit-g__31", "cat_idx": [0, 2, 3, 5, 6, 8, 9, 11, 13, 14, 16, 18, 19], "cat_dims": [4, 5, 10, 5, 5, 4, 3, 4, 3, 3, 4, 2, 2], "target_type": "binary", "num_classes": 1, "num_features": 20, "num_instances": 1000, "split_source": "openml"}, "scaler": "Quantile", "model": {"name": "TabPFNModel", "params": {}, "args": {"model_name": "TabPFNModel", "batch_size": 128, "scale_numerical_features": "Quantile", "val_batch_size": 256, "objective": "binary", "gpu_ids": [0], "use_gpu": true, "epochs": 500, "data_parallel": true, "early_stopping_rounds": 20, "dataset": "openml__credit-g__31", "cat_idx": [0, 2, 3, 5, 6, 8, 9, 11, 13, 14, 16, 18, 19], "num_features": 20, "subset_features": 10, "subset_rows": -1, "subset_features_method": "mutual_information", "subset_rows_method": "random", "cat_dims": [4, 5, 10, 5, 5, 4, 3, 4, 3, 3, 4, 2, 2], "num_classes": 1, "logging_period": 100}}, "experiemnt_args": {"experiment_config": "tabzilla_experiment_config.yml", "output_dir": "./results/TabPFN_MUT/openml__credit-g__31", "write_predictions": false, "use_gpu": true, "gpu_ids": [0], "data_parallel": true, "n_random_trials": 30, "hparam_seed": 0, "n_opt_trials": 1, "batch_size": 128, "val_batch_size": 256, "scale_numerical_features": "Quantile", "early_stopping_rounds": 20, "epochs": 500, "logging_period": 100, "experiment_time_limit": 36000, "trial_time_limit": 7200, "subset_rows": -1, "subset_features": 10, "subset_rows_method": "random", "subset_features_method": "mutual_information", "subset_random_seed": 42}, "hparam_source": "sampler_30", "trial_number": 30, "exception": "None", "timers": {"train": [0.0006590419998246944, 0.0006481140001142194, 0.000631105000138632, 0.0007338519999393611, 0.0006580429999303306, 0.0007545529999788414, 0.0007214699999167351, 0.0006367490000229736, 0.000678279000112525, 0.0007987920000687154], "val": [1.0021278920000896, 1.0007660390001547, 0.9981478559998322, 1.004268520999858, 0.9931622670001161, 0.9985992989998067, 0.988320283000121, 0.9993180149999716, 0.9857072960001005, 1.003392882999833], "test": [0.9866083330000492, 1.0021265640000365, 0.9898381600000903, 0.992779192000171, 0.9830960229999164, 0.9901383480000732, 0.9950170890001573, 0.9958242590000737, 0.9939941810000619, 0.991653106000058], "train-eval": [1.489009225000018, 1.5038012070001514, 1.491712237999991, 1.491904667999961, 1.4879939750001085, 1.5005522369999653, 1.491496067000071, 1.4897195809999175, 1.4876592000000528, 1.500340228999903]}, "scorers": {"train": {"Log Loss": [0.3883612560773743, 0.3713973435944208, 0.3528048675511979, 0.3489647825275239, 0.37946192971415066, 0.388391017440328, 0.3902741024811183, 0.3990012351071784, 0.42666761809946935, 0.39340865956806226], "AUC": [0.9095870535714287, 0.9233519345238096, 0.9347544642857144, 0.9379873511904762, 0.916938244047619, 0.9137425595238096, 0.910747767857143, 0.8974553571428572, 0.8698363095238095, 0.9062574404761905], "Accuracy": [0.8325, 0.84125, 0.84625, 0.86, 0.8325, 0.83, 0.82125, 0.8, 0.79875, 0.8375], "F1": [0.8325, 0.84125, 0.84625, 0.8599999999999999, 0.8325, 0.83, 0.82125, 0.8000000000000002, 0.79875, 0.8375]}, "val": {"Log Loss": [0.5317182272136588, 0.5268250742722881, 0.5506018549258203, 0.552598069431672, 0.48191844326702404, 0.5467824031625217, 0.5349906610942903, 0.5830121048975746, 0.48445176953762237, 0.5045484471246034], "AUC": [0.7504761904761905, 0.7566666666666667, 0.7047619047619047, 0.7223809523809523, 0.807142857142857, 0.7357142857142858, 0.7426190476190476, 0.6885714285714286, 0.7961904761904762, 0.775], "Accuracy": [0.74, 0.7, 0.67, 0.69, 0.78, 0.72, 0.74, 0.75, 0.77, 0.71], "F1": [0.74, 0.7, 0.67, 0.69, 0.78, 0.72, 0.74, 0.75, 0.7699999999999999, 0.7100000000000001]}, "test": {"Log Loss": [0.4949389543074044, 0.5363290447431036, 0.5220523951044423, 0.5710069009787195, 0.5283511795590011, 0.5038878884600422, 0.5410977625900645, 0.5293527526773231, 0.583403881964208, 0.4957522253367288], "AUC": [0.7878571428571429, 0.7480952380952381, 0.7552380952380953, 0.6957142857142857, 0.7514285714285714, 0.7838095238095238, 0.7419047619047618, 0.7645238095238096, 0.6895238095238095, 0.78], "Accuracy": [0.7, 0.71, 0.71, 0.65, 0.71, 0.78, 0.7, 0.77, 0.74, 0.71], "F1": [0.7, 0.7100000000000001, 0.7100000000000001, 0.65, 0.7100000000000001, 0.78, 0.7, 0.7699999999999999, 0.74, 0.7100000000000001]}}}