{"dataset": {"name": "openml__credit-approval__29", "cat_idx": [0, 3, 4, 5, 6, 8, 9, 11, 12], "cat_dims": [3, 4, 4, 15, 10, 2, 2, 2, 3], "target_type": "binary", "num_classes": 1, "num_features": 15, "num_instances": 690, "split_source": "openml"}, "scaler": "Quantile", "model": {"name": "TabPFNModel", "params": {}, "args": {"model_name": "TabPFNModel", "batch_size": 128, "scale_numerical_features": "Quantile", "val_batch_size": 256, "objective": "binary", "gpu_ids": [0], "use_gpu": true, "epochs": 500, "data_parallel": true, "early_stopping_rounds": 20, "dataset": "openml__credit-approval__29", "cat_idx": [0, 3, 4, 5, 6, 8, 9, 11, 12], "num_features": 15, "subset_features": 10, "subset_rows": -1, "subset_features_method": "mutual_information", "subset_rows_method": "random", "cat_dims": [3, 4, 4, 15, 10, 2, 2, 2, 3], "num_classes": 1, "logging_period": 100}}, "experiemnt_args": {"experiment_config": "tabzilla_experiment_config.yml", "output_dir": "./results/TabPFN_MUT/openml__credit-approval__29", "write_predictions": false, "use_gpu": true, "gpu_ids": [0], "data_parallel": true, "n_random_trials": 30, "hparam_seed": 0, "n_opt_trials": 1, "batch_size": 128, "val_batch_size": 256, "scale_numerical_features": "Quantile", "early_stopping_rounds": 20, "epochs": 500, "logging_period": 100, "experiment_time_limit": 36000, "trial_time_limit": 7200, "subset_rows": -1, "subset_features": 10, "subset_rows_method": "random", "subset_features_method": "mutual_information", "subset_random_seed": 42}, "hparam_source": "sampler_30", "trial_number": 30, "exception": "None", "timers": {"train": [0.0005966819999230211, 0.0005852609999692504, 0.0006508029999849896, 0.0006292449999136807, 0.0005883379999431781, 0.0005579170000373779, 0.0005735930000128064, 0.0006589280000071085, 0.0005582080000294809, 0.0006729640000457948], "val": [0.6936288460000242, 0.7008712099999457, 0.7044315099999494, 0.6954657969999971, 0.6980693950000614, 0.6950319399999216, 0.6949802530000397, 0.6945644049999373, 0.698866943999974, 0.6980050959999744], "test": [0.7034325540000737, 0.7047225999999682, 0.6964885859999868, 0.6896948260000499, 0.7069671310000558, 0.7013086039999052, 0.708063698999922, 0.7090538729999025, 0.7084117839999635, 0.6915669590000562], "train-eval": [0.9584024170000021, 0.9621279919999779, 0.9743273459999955, 0.9705524989999503, 0.9699643390000574, 0.9609427970000297, 0.9678050229999826, 0.9786606540000093, 0.9681984709999369, 0.9727306820000194]}, "scorers": {"train": {"Log Loss": [0.23220528725836187, 0.24297799878336743, 0.18720484858991177, 0.19669875001058207, 0.2381141226107065, 0.2158339175192561, 0.19076303383341098, 0.20777438936105444, 0.23571241629812212, 0.22638030296482245], "AUC": [0.9709962168978562, 0.9657131479392049, 0.9803257346298954, 0.9784883334441269, 0.9685169181679186, 0.9744864721132752, 0.979738084158745, 0.9758824702519445, 0.969208269627069, 0.9729661512301397], "Accuracy": [0.9003623188405797, 0.9039855072463768, 0.927536231884058, 0.9221014492753623, 0.9003623188405797, 0.9057971014492754, 0.9166666666666666, 0.9112318840579711, 0.9039855072463768, 0.9094202898550725], "F1": [0.9003623188405797, 0.9039855072463768, 0.927536231884058, 0.9221014492753623, 0.9003623188405797, 0.9057971014492753, 0.9166666666666666, 0.9112318840579711, 0.9039855072463768, 0.9094202898550725]}, "val": {"Log Loss": [0.283089768963781, 0.2869596216501744, 0.5378200902673753, 0.22161559686988075, 0.28057367036209613, 0.3638392217842056, 0.5263412941317148, 0.262795393283952, 0.22540840072392251, 0.3168670719660727], "AUC": [0.9512820512820512, 0.9444444444444444, 0.8548387096774193, 0.967741935483871, 0.9516129032258065, 0.9261460101867571, 0.866723259762309, 0.9499151103565365, 0.9770797962648556, 0.9538461538461538], "Accuracy": [0.9130434782608695, 0.8695652173913043, 0.7391304347826086, 0.927536231884058, 0.9130434782608695, 0.8405797101449275, 0.8115942028985508, 0.8840579710144928, 0.8840579710144928, 0.8985507246376812], "F1": [0.9130434782608695, 0.8695652173913043, 0.7391304347826085, 0.927536231884058, 0.9130434782608695, 0.8405797101449275, 0.8115942028985508, 0.8840579710144928, 0.8840579710144928, 0.8985507246376812]}, "test": {"Log Loss": [0.3177573988319729, 0.27675835987906333, 0.3019066581470894, 0.5251501150718805, 0.21954901008830846, 0.28118893094510067, 0.38446817982103176, 0.4883196473759184, 0.25416805554808847, 0.2374121079323482], "AUC": [0.9452991452991453, 0.9564102564102565, 0.9495726495726495, 0.8556876061120543, 0.967741935483871, 0.9524617996604414, 0.9193548387096774, 0.8879456706281834, 0.9448217317487266, 0.9745331069609506], "Accuracy": [0.927536231884058, 0.8985507246376812, 0.8840579710144928, 0.782608695652174, 0.9130434782608695, 0.8985507246376812, 0.8115942028985508, 0.8260869565217391, 0.9130434782608695, 0.8695652173913043], "F1": [0.927536231884058, 0.8985507246376812, 0.8840579710144928, 0.782608695652174, 0.9130434782608695, 0.8985507246376812, 0.8115942028985508, 0.8260869565217391, 0.9130434782608695, 0.8695652173913043]}}}