{
    "dataset_name": "openml__credit-approval__29",
    "averages": {
        "train_averages": {
            "Log Loss": 0.2173665067229596,
            "AUC": 0.9736321798460175,
            "Accuracy": 0.9101449275362319,
            "F1": 0.9101449275362319
        },
        "val_averages": {
            "Log Loss": 0.33053101300031756,
            "AUC": 0.9343630374530203,
            "Accuracy": 0.8681159420289856,
            "F1": 0.8681159420289856
        },
        "test_averages": {
            "Log Loss": 0.3286678463640802,
            "AUC": 0.9353828740585957,
            "Accuracy": 0.872463768115942,
            "F1": 0.872463768115942
        },
        "average_train_time": 0.0006071938999866689
    }
}