{
    "dataset_name": "openml__credit-g__31",
    "averages": {
        "train_averages": {
            "Log Loss": 0.38387328121608244,
            "AUC": 0.9120658482142859,
            "Accuracy": 0.8300000000000001,
            "F1": 0.8300000000000001
        },
        "val_averages": {
            "Log Loss": 0.5297447054927075,
            "AUC": 0.747952380952381,
            "Accuracy": 0.7270000000000001,
            "F1": 0.727
        },
        "test_averages": {
            "Log Loss": 0.5306172985721037,
            "AUC": 0.7498095238095239,
            "Accuracy": 0.7180000000000001,
            "F1": 0.718
        },
        "average_train_time": 0.0006919999000047028
    }
}