{
    "dataset_name": "openml__electricity__219",
    "averages": {
        "train_averages": {
            "Log Loss": 0.3243275463873724,
            "AUC": 0.9415017179480192,
            "Accuracy": 0.8557,
            "F1": 0.8557
        },
        "val_averages": {
            "Log Loss": 0.447192914761926,
            "AUC": 0.868809155511034,
            "Accuracy": 0.7881575400063464,
            "F1": 0.7881575400063464
        },
        "test_averages": {
            "Log Loss": 0.4467471146957398,
            "AUC": 0.8689794475153997,
            "Accuracy": 0.7876058925635949,
            "F1": 0.787605892563595
        },
        "average_train_time": 0.0011216764999971928
    }
}