{"dataset": {"name": "openml__electricity__219", "cat_idx": [1], "cat_dims": [7], "target_type": "binary", "num_classes": 1, "num_features": 8, "num_instances": 45312, "split_source": "openml"}, "scaler": "Quantile", "model": {"name": "TabPFNModel", "params": {}, "args": {"model_name": "TabPFNModel", "batch_size": 128, "scale_numerical_features": "Quantile", "val_batch_size": 256, "objective": "binary", "gpu_ids": [0], "use_gpu": true, "epochs": 100, "data_parallel": true, "early_stopping_rounds": 20, "dataset": "openml__electricity__219", "cat_idx": [1], "num_features": 8, "subset_features": 10, "subset_rows": 1000, "subset_features_method": "mutual_information", "subset_rows_method": "random", "cat_dims": [7], "num_classes": 1, "logging_period": 100}}, "experiemnt_args": {"experiment_config": "tabzilla_experiment_config_gpu.yml", "output_dir": "./results/TabPFN_MUT/openml__electricity__219", "write_predictions": false, "use_gpu": true, "gpu_ids": [0], "data_parallel": true, "n_random_trials": 30, "hparam_seed": 0, "n_opt_trials": 1, "batch_size": 128, "val_batch_size": 256, "scale_numerical_features": "Quantile", "early_stopping_rounds": 20, "epochs": 100, "logging_period": 100, "experiment_time_limit": 36000, "trial_time_limit": 7200, "subset_rows": 1000, "subset_features": 10, "subset_rows_method": "random", "subset_features_method": "mutual_information", "subset_random_seed": 0}, "hparam_source": "sampler_30", "trial_number": 30, "exception": "None", "timers": {"train": [0.001095634000193968, 0.001242572000137443, 0.0011045179999200627, 0.001038236000113102, 0.0010727499998210988, 0.0010708110003179172, 0.0010941689997707726, 0.0011178999998264771, 0.0011442149998401874, 0.0012359600000309001], "val": [5.361725512000248, 5.363149372999942, 5.388486751000073, 5.380585080999936, 5.383867440999893, 5.378551280000011, 5.383072289000211, 5.409710751000148, 5.410685566999746, 5.380553309999868], "test": [5.374578033000034, 5.375465368999812, 5.381420428999718, 5.386302815999898, 5.372173550000298, 5.371364611999979, 5.386710630999914, 5.417603622000115, 5.416350455000156, 5.3894967179999185], "train-eval": [1.1175975129999642, 1.1184104990002197, 1.1163191959999494, 1.1155830000002425, 1.1178868649999458, 1.1128549920003934, 1.1112860359999104, 1.1159726020000562, 1.1154439679999086, 1.1164444119999644]}, "scorers": {"train": {"Log Loss": [0.2297735176215769, 0.31204354462079925, 0.3180021204958401, 0.32953858479647297, 0.3343309452951603, 0.3382994705812888, 0.3438217442731196, 0.3414277541304366, 0.36189517334034244, 0.3341426087186869], "AUC": [0.977803164308176, 0.9470772378516624, 0.9444211512849603, 0.9404133576678341, 0.938251204393364, 0.9352751607228004, 0.9335446159917131, 0.9353532613163651, 0.9252207369407587, 0.9376572890025575], "Accuracy": [0.926, 0.862, 0.858, 0.85, 0.843, 0.849, 0.847, 0.848, 0.828, 0.846], "F1": [0.926, 0.8619999999999999, 0.858, 0.85, 0.843, 0.849, 0.847, 0.848, 0.828, 0.8459999999999999]}, "val": {"Log Loss": [0.446494160852113, 0.4721867220047279, 0.4551343954266103, 0.44141578850141233, 0.45676153370110645, 0.4219519296739599, 0.43864839534490013, 0.44801099389935645, 0.4337878914126663, 0.45753733680240766], "AUC": [0.8729074461436425, 0.8548562282739498, 0.8633024234290056, 0.8702843655375302, 0.8618381703824741, 0.8822042366346164, 0.8745778818882817, 0.8672938021815351, 0.8774145674415933, 0.8634124331977093], "Accuracy": [0.7912621359223301, 0.7704700949017876, 0.7799602736702714, 0.7890090487751048, 0.7854778194659016, 0.7993820348708894, 0.7958508055616862, 0.7879055396159789, 0.7916574707570073, 0.7906001765225066], "F1": [0.7912621359223301, 0.7704700949017876, 0.7799602736702714, 0.7890090487751048, 0.7854778194659016, 0.7993820348708894, 0.7958508055616862, 0.7879055396159789, 0.7916574707570072, 0.7906001765225066]}, "test": {"Log Loss": [0.44262226931510606, 0.452491727709247, 0.4702076413876655, 0.4498004560147096, 0.44695582473885764, 0.45104933697642, 0.42247265936434514, 0.43780169009186304, 0.44951663787298973, 0.44455290348619436], "AUC": [0.8737246382472609, 0.86652734908103, 0.8548581222631855, 0.8661166920660592, 0.8679028235990262, 0.8645400955527538, 0.8816812962382583, 0.8761875935160106, 0.865768833207316, 0.8724870313830959], "Accuracy": [0.7950132391879965, 0.7819947043248014, 0.7748841315382917, 0.7861399249613772, 0.7797395718384462, 0.7920988744206577, 0.8004855440300155, 0.7896711542705804, 0.785919223129552, 0.7901125579342309], "F1": [0.7950132391879965, 0.7819947043248014, 0.7748841315382917, 0.7861399249613772, 0.7797395718384463, 0.7920988744206577, 0.8004855440300155, 0.7896711542705805, 0.785919223129552, 0.7901125579342309]}}}