{"dataset": {"name": "openml__heart-h__50", "cat_idx": [1, 2, 5, 6, 8, 10, 12], "cat_dims": [2, 4, 3, 4, 3, 4, 4], "target_type": "binary", "num_classes": 1, "num_features": 13, "num_instances": 294, "split_source": "openml"}, "scaler": "Quantile", "model": {"name": "TabPFNModel", "params": {}, "args": {"model_name": "TabPFNModel", "batch_size": 128, "scale_numerical_features": "Quantile", "val_batch_size": 256, "objective": "binary", "gpu_ids": [0], "use_gpu": true, "epochs": 500, "data_parallel": true, "early_stopping_rounds": 20, "dataset": "openml__heart-h__50", "cat_idx": [1, 2, 5, 6, 8, 10, 12], "num_features": 13, "subset_features": 10, "subset_rows": -1, "subset_features_method": "mutual_information", "subset_rows_method": "random", "cat_dims": [2, 4, 3, 4, 3, 4, 4], "num_classes": 1, "logging_period": 100}}, "experiemnt_args": {"experiment_config": "tabzilla_experiment_config.yml", "output_dir": "./results/TabPFN_MUT/openml__heart-h__50", "write_predictions": false, "use_gpu": true, "gpu_ids": [0], "data_parallel": true, "n_random_trials": 30, "hparam_seed": 0, "n_opt_trials": 1, "batch_size": 128, "val_batch_size": 256, "scale_numerical_features": "Quantile", "early_stopping_rounds": 20, "epochs": 500, "logging_period": 100, "experiment_time_limit": 36000, "trial_time_limit": 7200, "subset_rows": -1, "subset_features": 10, "subset_rows_method": "random", "subset_features_method": "mutual_information", "subset_random_seed": 42}, "hparam_source": "sampler_30", "trial_number": 30, "exception": "None", "timers": {"train": [0.00045649699995919946, 0.000400349000017286, 0.00042015899998659734, 0.00044383300001982207, 0.0004434280000396029, 0.00042968800005382946, 0.0004357899999831716, 0.00048406299998760005, 0.00040606300001400086, 0.000427991000037764], "val": [0.22581968299999744, 0.22214166999998497, 0.22430584699998235, 0.22174570700002505, 0.22510901699996566, 0.22456801399999904, 0.23383018100003028, 0.22761585500001047, 0.2210273630000188, 0.22409752999999455], "test": [0.22264827099996864, 0.22376035400003502, 0.22787548400003743, 0.22460158600000568, 0.23087224900001502, 0.22399708199998258, 0.22664642800003776, 0.2239383620000126, 0.22251441600002408, 0.22131384900001194], "train-eval": [0.4373842429999968, 0.4334498169999961, 0.43478184000002784, 0.44311878700000307, 0.4406470600000034, 0.43677053100003604, 0.44201008800001773, 0.43906978800004026, 0.4401431029999685, 0.43775830399999904]}, "scorers": {"train": {"Log Loss": [0.2103949972503794, 0.2546181772637074, 0.25646976354436635, 0.2640083635589557, 0.2513863087695665, 0.20635631438838362, 0.24196266707536862, 0.24306042856404353, 0.1545063998400298, 0.16757548411444176], "AUC": [0.9788095238095238, 0.9612698412698413, 0.9582539682539682, 0.959921568627451, 0.9675193798449612, 0.9806201550387598, 0.9672868217054263, 0.9641604986365406, 0.9908364661654135, 0.988804793440555], "Accuracy": [0.9188034188034188, 0.8846153846153846, 0.8803418803418803, 0.8723404255319149, 0.8813559322033898, 0.9152542372881356, 0.9067796610169492, 0.8983050847457628, 0.9576271186440678, 0.9276595744680851], "F1": [0.9188034188034188, 0.8846153846153846, 0.8803418803418802, 0.8723404255319149, 0.8813559322033898, 0.9152542372881356, 0.9067796610169492, 0.8983050847457628, 0.9576271186440678, 0.9276595744680851]}, "val": {"Log Loss": [0.3028940989486958, 0.4436891075201869, 0.41422733127397343, 0.2273376591544797, 0.382346042124397, 0.4757211595842233, 0.3483043570694612, 0.4270282120970682, 0.6595895306213655, 0.5836130073469332], "AUC": [0.9377990430622009, 0.8899521531100479, 0.8995215311004785, 0.968421052631579, 0.9052631578947368, 0.8157894736842106, 0.8894736842105263, 0.9191919191919192, 0.7828282828282829, 0.8229665071770336], "Accuracy": [0.8666666666666667, 0.8, 0.8333333333333334, 0.896551724137931, 0.8275862068965517, 0.8275862068965517, 0.8275862068965517, 0.7586206896551724, 0.7586206896551724, 0.7666666666666667], "F1": [0.8666666666666667, 0.8000000000000002, 0.8333333333333334, 0.896551724137931, 0.8275862068965517, 0.8275862068965517, 0.8275862068965517, 0.7586206896551724, 0.7586206896551724, 0.7666666666666667]}, "test": {"Log Loss": [0.553831948406314, 0.3173031812434971, 0.4535474731138504, 0.3870478307141685, 0.2416247481361596, 0.3782361183796418, 0.451966353640838, 0.3773379459954865, 0.4282075055449279, 0.6624306827939234], "AUC": [0.813397129186603, 0.9377990430622009, 0.8755980861244018, 0.9043062200956937, 0.9578947368421052, 0.9052631578947368, 0.8526315789473684, 0.8842105263157896, 0.9343434343434344, 0.8181818181818182], "Accuracy": [0.7666666666666667, 0.8333333333333334, 0.8, 0.8, 0.896551724137931, 0.8275862068965517, 0.8275862068965517, 0.8275862068965517, 0.7586206896551724, 0.8275862068965517], "F1": [0.7666666666666667, 0.8333333333333334, 0.8000000000000002, 0.8000000000000002, 0.896551724137931, 0.8275862068965517, 0.8275862068965517, 0.8275862068965517, 0.7586206896551724, 0.8275862068965517]}}}