{
    "dataset_name": "openml__heart-h__50",
    "averages": {
        "train_averages": {
            "Log Loss": 0.2250338904369243,
            "AUC": 0.9717483016792439,
            "Accuracy": 0.904308271765899,
            "F1": 0.904308271765899
        },
        "val_averages": {
            "Log Loss": 0.4264750505740785,
            "AUC": 0.8831206804891016,
            "Accuracy": 0.8163218390804599,
            "F1": 0.8163218390804599
        },
        "test_averages": {
            "Log Loss": 0.4251533787968807,
            "AUC": 0.8883625730994152,
            "Accuracy": 0.8165517241379311,
            "F1": 0.8165517241379311
        },
        "average_train_time": 0.00043478610000988736
    }
}