{
    "dataset_name": "openml__jasmine__168911",
    "averages": {
        "train_averages": {
            "Log Loss": 0.4039303364833497,
            "AUC": 0.8722204003511885,
            "Accuracy": 0.8041,
            "F1": 0.8041
        },
        "val_averages": {
            "Log Loss": 0.44243908257411724,
            "AUC": 0.8319248682491779,
            "Accuracy": 0.788531121635878,
            "F1": 0.788531121635878
        },
        "test_averages": {
            "Log Loss": 0.44357744601412935,
            "AUC": 0.831692806630332,
            "Accuracy": 0.7891988956476845,
            "F1": 0.7891988956476845
        },
        "average_train_time": 0.0009205172000292805
    }
}