{
    "dataset_name": "openml__kc1__3917",
    "averages": {
        "train_averages": {
            "Log Loss": 0.3166915658694334,
            "AUC": 0.8573614573297149,
            "Accuracy": 0.8664649100874546,
            "F1": 0.8664649100874546
        },
        "val_averages": {
            "Log Loss": 0.34710983976351,
            "AUC": 0.8175619099792095,
            "Accuracy": 0.8572692394493343,
            "F1": 0.8572692394493343
        },
        "test_averages": {
            "Log Loss": 0.3474639367803319,
            "AUC": 0.8179068308072882,
            "Accuracy": 0.8572692394493343,
            "F1": 0.8572692394493343
        },
        "average_train_time": 0.00043407120001575094
    }
}