{"dataset": {"name": "openml__lymph__10", "cat_idx": [0, 1, 2, 3, 4, 5, 6, 7, 10, 11, 12, 13, 14, 15, 16], "cat_dims": [4, 2, 2, 2, 2, 2, 2, 2, 3, 4, 4, 8, 3, 2, 2], "target_type": "classification", "num_classes": 4, "num_features": 18, "num_instances": 148, "split_source": "openml"}, "scaler": "Quantile", "model": {"name": "TabPFNModel", "params": {}, "args": {"model_name": "TabPFNModel", "batch_size": 128, "scale_numerical_features": "Quantile", "val_batch_size": 256, "objective": "classification", "gpu_ids": [0], "use_gpu": true, "epochs": 500, "data_parallel": true, "early_stopping_rounds": 20, "dataset": "openml__lymph__10", "cat_idx": [0, 1, 2, 3, 4, 5, 6, 7, 10, 11, 12, 13, 14, 15, 16], "num_features": 18, "subset_features": 10, "subset_rows": -1, "subset_features_method": "mutual_information", "subset_rows_method": "random", "cat_dims": [4, 2, 2, 2, 2, 2, 2, 2, 3, 4, 4, 8, 3, 2, 2], "num_classes": 4, "logging_period": 100}}, "experiemnt_args": {"experiment_config": "tabzilla_experiment_config.yml", "output_dir": "./results/TabPFN_MUT/openml__lymph__10", "write_predictions": false, "use_gpu": true, "gpu_ids": [0], "data_parallel": true, "n_random_trials": 30, "hparam_seed": 0, "n_opt_trials": 1, "batch_size": 128, "val_batch_size": 256, "scale_numerical_features": "Quantile", "early_stopping_rounds": 20, "epochs": 500, "logging_period": 100, "experiment_time_limit": 36000, "trial_time_limit": 7200, "subset_rows": -1, "subset_features": 10, "subset_rows_method": "random", "subset_features_method": "mutual_information", "subset_random_seed": 42}, "hparam_source": "sampler_30", "trial_number": 30, "exception": "None", "timers": {"train": [0.00041333000001486653, 0.0003937350000171591, 0.0004320369999959439, 0.0003977439999971466, 0.0004251090000195745, 0.0003896839999981694, 0.00040700599998899634, 0.00041113099999279257, 0.0004107859999749053, 0.00039226800001301854], "val": [0.12747972599999002, 0.12736533200001077, 0.13084936699999616, 0.13121605099999556, 0.1323218670000017, 0.12951130400000466, 0.13224395500000696, 0.12923805700000912, 0.12507293800001662, 0.12878085700000952], "test": [0.12753957900000046, 0.13093377600000622, 0.12791778499999396, 0.1299947960000054, 0.12950621500002057, 0.12728001199999994, 0.13268021700000077, 0.12823387699998534, 0.12846361500001535, 0.1237103809999951], "train-eval": [0.17063233900000796, 0.17545805999998265, 0.17147373400001698, 0.17429025500001671, 0.17349273400000698, 0.17732509900000082, 0.17505701400000362, 0.17312372399999276, 0.17533391399999232, 0.17254700500001263]}, "scorers": {"train": {"Log Loss": [0.173841154988569, 0.1848586890246043, 0.21941649741664535, 0.21551019043405625, 0.1871941284506431, 0.21112952832013385, 0.252680228032264, 0.23048925979922125, 0.16255349415756065, 0.12333686482845999], "AUC": [0.9973958333333334, 0.9979984301412873, 0.997854526425955, 0.9982993197278912, 0.9991452991452991, 0.9960202991452992, 0.9926216640502354, 0.980429094714809, 0.9974097331240187, 0.9986713435374149], "Accuracy": [0.9322033898305084, 0.940677966101695, 0.923728813559322, 0.923728813559322, 0.9576271186440678, 0.9322033898305084, 0.9152542372881356, 0.9159663865546218, 0.9583333333333334, 0.9747899159663865], "F1": [0.931788130129277, 0.9401818439543973, 0.9230909422270821, 0.9227438403486901, 0.9574215747131635, 0.9314390162844799, 0.9139441578645705, 0.9109566390821641, 0.9582775897799114, 0.9747576805836216]}, "val": {"Log Loss": [0.5897303703797, 0.5949065027049346, 0.34853945384240964, 0.8833237038590976, 0.4188386889162422, 0.5581279332453284, 1.3175459403865355, 0.6134124838792596, 0.5971234813291811, 0.7455925280742158], "AUC": [0.9270833333333334, 0.8923611111111112, 0.9930555555555557, 0.8472222222222222, 0.8928571428571428, 0.9305555555555557, 0.8055555555555557, 0.7916666666666667, 0.7395833333333334, 0.7037037037037037], "Accuracy": [0.6, 0.7333333333333333, 0.8666666666666667, 0.6666666666666666, 0.8, 0.8, 0.8666666666666667, 0.7142857142857143, 0.7857142857142857, 0.6], "F1": [0.6, 0.7333333333333333, 0.8607407407407408, 0.6683760683760683, 0.7981900452488688, 0.7743589743589744, 0.8358974358974359, 0.7015873015873015, 0.7669172932330827, 0.6021052631578947]}, "test": {"Log Loss": [0.7869181384378562, 0.6818258779658676, 0.5295266774073328, 0.30111027352326325, 0.9905125001392231, 0.3929270948458074, 1.3447315672643005, 0.5618191989370056, 0.47134347127194287, 0.7833383053745363], "AUC": [0.6666666666666666, 0.9201388888888888, 0.90625, 0.9965277777777777, 0.8472222222222222, 0.8928571428571428, 0.7986111111111112, 0.9513888888888888, 0.875, 0.6770833333333333], "Accuracy": [0.6, 0.7333333333333333, 0.7333333333333333, 0.8666666666666667, 0.6, 0.8, 0.8666666666666667, 0.8666666666666667, 0.7857142857142857, 0.7142857142857143], "F1": [0.6021052631578947, 0.7222222222222221, 0.7333333333333333, 0.8607407407407408, 0.6, 0.7981900452488688, 0.8406349206349206, 0.8358974358974359, 0.7669172932330827, 0.7015873015873015]}}}