{
    "dataset_name": "openml__lymph__10",
    "averages": {
        "train_averages": {
            "Log Loss": 0.19610100354521579,
            "AUC": 0.9955845543345545,
            "Accuracy": 0.9374513364667901,
            "F1": 0.9364601414967357
        },
        "val_averages": {
            "Log Loss": 0.6667141086616903,
            "AUC": 0.8523644179894181,
            "Accuracy": 0.7433333333333334,
            "F1": 0.73415064559337
        },
        "test_averages": {
            "Log Loss": 0.6844053105167135,
            "AUC": 0.8531746031746031,
            "Accuracy": 0.7566666666666666,
            "F1": 0.74616285560558
        },
        "average_train_time": 0.0004072830000012573
    }
}