{
    "dataset_name": "openml__MiniBooNE__168335",
    "averages": {
        "train_averages": {
            "Log Loss": 0.16545672727867095,
            "AUC": 0.9815848092420858,
            "Accuracy": 0.9282000000000001,
            "F1": 0.9282000000000001
        },
        "val_averages": {
            "Log Loss": 0.2445992908267261,
            "AUC": 0.9543597272844944,
            "Accuracy": 0.8940999999999999,
            "F1": 0.8940999999999999
        },
        "test_averages": {
            "Log Loss": 0.24431491138047629,
            "AUC": 0.9543580208503857,
            "Accuracy": 0.8939,
            "F1": 0.8939
        },
        "average_train_time": 0.0004996495999421314
    }
}