{
    "dataset_name": "openml__mfeat-zernike__22",
    "averages": {
        "train_averages": {
            "Log Loss": 0.28580675210238116,
            "AUC": 0.9926159939236111,
            "Accuracy": 0.8870625000000001,
            "F1": 0.8854857626577584
        },
        "val_averages": {
            "Log Loss": 0.6148880360523574,
            "AUC": 0.9682805555555556,
            "Accuracy": 0.7205000000000001,
            "F1": 0.7152292574618635
        },
        "test_averages": {
            "Log Loss": 0.615682286656202,
            "AUC": 0.9684777777777779,
            "Accuracy": 0.7140000000000001,
            "F1": 0.7073256381042864
        },
        "average_train_time": 0.0004665242000100989
    }
}