{
    "dataset_name": "openml__mfeat-fourier__14",
    "averages": {
        "train_averages": {
            "Log Loss": 0.13560909477034855,
            "AUC": 0.9982287326388889,
            "Accuracy": 0.9585000000000001,
            "F1": 0.9582625993961595
        },
        "val_averages": {
            "Log Loss": 0.33590955126789657,
            "AUC": 0.9880166666666668,
            "Accuracy": 0.861,
            "F1": 0.8595802545897696
        },
        "test_averages": {
            "Log Loss": 0.33490978142414546,
            "AUC": 0.9883333333333335,
            "Accuracy": 0.8634999999999999,
            "F1": 0.8621099110836749
        },
        "average_train_time": 0.0004770005000409583
    }
}