{"dataset": {"name": "openml__monks-problems-2__146065", "cat_idx": [0, 1, 2, 3, 4, 5], "cat_dims": [3, 3, 2, 3, 4, 2], "target_type": "binary", "num_classes": 1, "num_features": 6, "num_instances": 601, "split_source": "openml"}, "scaler": "Quantile", "model": {"name": "TabPFNModel", "params": {}, "args": {"model_name": "TabPFNModel", "batch_size": 128, "scale_numerical_features": "Quantile", "val_batch_size": 256, "objective": "binary", "gpu_ids": [0], "use_gpu": true, "epochs": 500, "data_parallel": true, "early_stopping_rounds": 20, "dataset": "openml__monks-problems-2__146065", "cat_idx": [0, 1, 2, 3, 4, 5], "num_features": 6, "subset_features": 10, "subset_rows": -1, "subset_features_method": "mutual_information", "subset_rows_method": "random", "cat_dims": [3, 3, 2, 3, 4, 2], "num_classes": 1, "logging_period": 100}}, "experiemnt_args": {"experiment_config": "tabzilla_experiment_config.yml", "output_dir": "./results/TabPFN_MUT/openml__monks-problems-2__146065", "write_predictions": false, "use_gpu": true, "gpu_ids": [0], "data_parallel": true, "n_random_trials": 30, "hparam_seed": 0, "n_opt_trials": 1, "batch_size": 128, "val_batch_size": 256, "scale_numerical_features": "Quantile", "early_stopping_rounds": 20, "epochs": 500, "logging_period": 100, "experiment_time_limit": 36000, "trial_time_limit": 7200, "subset_rows": -1, "subset_features": 10, "subset_rows_method": "random", "subset_features_method": "mutual_information", "subset_random_seed": 42}, "hparam_source": "sampler_30", "trial_number": 30, "exception": "None", "timers": {"train": [0.0004846290000273257, 0.0005207250000012209, 0.00043817400000989437, 0.00047583200000644865, 0.0004800369999884424, 0.00045300700003281236, 0.00046131099998092395, 0.0004719020000152341, 0.0005426540000144087, 0.0004488760000072034], "val": [0.458291169000006, 0.494991658999993, 0.4801393949999806, 0.4791920509999841, 0.48022371400003294, 0.47544852499999024, 0.47782105599998204, 0.478460235, 0.47625434799999766, 0.45679378900001666], "test": [0.4603415789999872, 0.46860507499997084, 0.46278253200000563, 0.4644121199999631, 0.46828136200002746, 0.46476627299995243, 0.4678183340000146, 0.46590337100002444, 0.4662671570000043, 0.4636755370000287], "train-eval": [0.633411853000041, 0.6560730130000252, 0.667430091999961, 0.6649509519999697, 0.670273509000026, 0.6670155750000504, 0.6628729620000513, 0.6652592780000077, 0.6649799909999956, 0.6253494549999914]}, "scorers": {"train": {"Log Loss": [0.0007274907013543572, 0.001320270812905655, 0.0008214495611189239, 0.0006844993292339513, 0.0015872323394756568, 0.0010549762253863374, 0.001054821062263847, 0.0009289960863530543, 0.0010109878297290243, 0.0008756625072376211], "AUC": [1.0, 1.0, 1.0, 1.0, 1.0, 1.0, 1.0, 1.0, 1.0, 1.0], "Accuracy": [1.0, 1.0, 1.0, 1.0, 1.0, 1.0, 1.0, 1.0, 1.0, 1.0], "F1": [1.0, 1.0, 1.0, 1.0, 1.0, 1.0, 1.0, 1.0, 1.0, 1.0]}, "val": {"Log Loss": [0.00715682375005637, 0.01881742788804548, 0.011677570065678254, 0.00647294707923329, 0.01846687779217231, 0.012770122726977497, 0.0021940195763760664, 0.005566267208913496, 0.004424032443617133, 0.0023123516170266345], "AUC": [1.0, 1.0, 1.0, 1.0, 1.0, 1.0, 1.0, 1.0, 1.0, 1.0], "Accuracy": [1.0, 1.0, 1.0, 1.0, 1.0, 1.0, 1.0, 1.0, 1.0, 1.0], "F1": [1.0, 1.0, 1.0, 1.0, 1.0, 1.0, 1.0, 1.0, 1.0, 1.0]}, "test": {"Log Loss": [0.0019942773290872375, 0.02022713187146076, 0.012010409472718492, 0.010036608624660576, 0.017604778154582383, 0.004996325161177357, 0.012608933771472404, 0.0035066176049921402, 0.0076768279509551035, 0.0013404350635516187], "AUC": [1.0, 1.0, 1.0, 1.0, 1.0, 1.0, 1.0, 1.0, 1.0, 1.0], "Accuracy": [1.0, 1.0, 1.0, 1.0, 1.0, 1.0, 1.0, 1.0, 1.0, 1.0], "F1": [1.0, 1.0, 1.0, 1.0, 1.0, 1.0, 1.0, 1.0, 1.0, 1.0]}}}