{
    "dataset_name": "openml__phoneme__9952",
    "averages": {
        "train_averages": {
            "Log Loss": 0.1390661280827306,
            "AUC": 0.9919911821208576,
            "Accuracy": 0.9591999999999998,
            "F1": 0.9591999999999998
        },
        "val_averages": {
            "Log Loss": 0.3230917831062297,
            "AUC": 0.9256749629588729,
            "Accuracy": 0.8595467926336688,
            "F1": 0.8595467926336688
        },
        "test_averages": {
            "Log Loss": 0.326905523141415,
            "AUC": 0.9243644471438683,
            "Accuracy": 0.8571517080851647,
            "F1": 0.8571517080851647
        },
        "average_train_time": 0.0004702620999978535
    }
}