{"dataset": {"name": "openml__profb__3561", "cat_idx": [3, 4, 7, 8], "cat_dims": [28, 28, 5, 2], "target_type": "binary", "num_classes": 1, "num_features": 9, "num_instances": 672, "split_source": "openml"}, "scaler": "Quantile", "model": {"name": "TabPFNModel", "params": {}, "args": {"model_name": "TabPFNModel", "batch_size": 128, "scale_numerical_features": "Quantile", "val_batch_size": 256, "objective": "binary", "gpu_ids": [0], "use_gpu": true, "epochs": 500, "data_parallel": true, "early_stopping_rounds": 20, "dataset": "openml__profb__3561", "cat_idx": [3, 4, 7, 8], "num_features": 9, "subset_features": 10, "subset_rows": -1, "subset_features_method": "mutual_information", "subset_rows_method": "random", "cat_dims": [28, 28, 5, 2], "num_classes": 1, "logging_period": 100}}, "experiemnt_args": {"experiment_config": "tabzilla_experiment_config.yml", "output_dir": "./results/TabPFN_MUT/openml__profb__3561", "write_predictions": false, "use_gpu": true, "gpu_ids": [0], "data_parallel": true, "n_random_trials": 30, "hparam_seed": 0, "n_opt_trials": 1, "batch_size": 128, "val_batch_size": 256, "scale_numerical_features": "Quantile", "early_stopping_rounds": 20, "epochs": 500, "logging_period": 100, "experiment_time_limit": 36000, "trial_time_limit": 7200, "subset_rows": -1, "subset_features": 10, "subset_rows_method": "random", "subset_features_method": "mutual_information", "subset_random_seed": 42}, "hparam_source": "sampler_30", "trial_number": 30, "exception": "None", "timers": {"train": [0.0004691600000796825, 0.0005260369999859904, 0.0006024189999607188, 0.0005316970000421861, 0.0005768829998942238, 0.0005252270000255521, 0.000575631000060639, 0.0005676310000808371, 0.0005432819999668936, 0.0005330330000106187], "val": [0.6974390940000603, 0.6982281379999904, 0.7048937760000626, 0.7006795459999466, 0.6899250799999663, 0.7005279029999656, 0.6949347009999656, 0.6985044179999704, 0.7067303430000038, 0.6926482850000184], "test": [0.689172224999993, 0.7020437420000007, 0.702576066000006, 0.7017176509999672, 0.6944723100000374, 0.6891834459999018, 0.6902904810000337, 0.7009886700000152, 0.7045134220001046, 0.6925204509999503], "train-eval": [0.9373222469999973, 0.9567734749999772, 0.9678905680000298, 0.9524939419999328, 0.9488224149999951, 0.9494847259999233, 0.9568632190000699, 0.9554200910000645, 0.9637093080000341, 0.9625560990000395]}, "scorers": {"train": {"Log Loss": [0.506173215142346, 0.5171866691377379, 0.5460163992424355, 0.5187568327476627, 0.49628937486674435, 0.5220412251894803, 0.5004744181202738, 0.5164238032116415, 0.5239253737989423, 0.5256650264582706], "AUC": [0.8326376247567636, 0.8121157267251334, 0.7610180012414649, 0.8101024208566109, 0.8558193668528865, 0.8051675977653631, 0.8517535692116698, 0.8255707194099066, 0.7941323345817728, 0.8006009201589935], "Accuracy": [0.7555970149253731, 0.7430167597765364, 0.724907063197026, 0.7490706319702602, 0.7602230483271375, 0.7434944237918215, 0.758364312267658, 0.7379182156133829, 0.7527881040892194, 0.7392923649906891], "F1": [0.755597014925373, 0.7430167597765364, 0.724907063197026, 0.7490706319702602, 0.7602230483271374, 0.7434944237918214, 0.758364312267658, 0.7379182156133829, 0.7527881040892194, 0.7392923649906891]}, "val": {"Log Loss": [0.6310217891100965, 0.614096413802853, 0.5991984861289584, 0.6360220031722832, 0.5715505202318498, 0.6232166065122349, 0.5739993571747932, 0.5849842516072377, 0.6204036101104883, 0.5880700552210254], "AUC": [0.6106280193236715, 0.6393939393939394, 0.6919191919191919, 0.6303030303030303, 0.7111111111111111, 0.6131313131313131, 0.7464646464646465, 0.6907114624505929, 0.6511857707509882, 0.6792270531400966], "Accuracy": [0.6911764705882353, 0.7014925373134329, 0.6716417910447762, 0.6865671641791045, 0.7313432835820896, 0.6417910447761194, 0.7164179104477612, 0.6716417910447762, 0.6567164179104478, 0.6764705882352942], "F1": [0.6911764705882353, 0.7014925373134329, 0.6716417910447762, 0.6865671641791045, 0.7313432835820896, 0.6417910447761194, 0.7164179104477613, 0.6716417910447762, 0.6567164179104478, 0.6764705882352942]}, "test": {"Log Loss": [0.5942000451525297, 0.6218620431649037, 0.6178557739906166, 0.6159884459456149, 0.620820350012559, 0.5641162213834073, 0.6129426829965425, 0.5801562842803235, 0.5928273665850318, 0.6082705606095807], "AUC": [0.6657004830917874, 0.6338164251207731, 0.6272727272727272, 0.6555555555555556, 0.6353535353535353, 0.7212121212121212, 0.6171717171717171, 0.718181818181818, 0.6768774703557312, 0.66600790513834], "Accuracy": [0.6470588235294118, 0.6911764705882353, 0.6716417910447762, 0.6865671641791045, 0.6865671641791045, 0.7313432835820896, 0.6716417910447762, 0.7313432835820896, 0.6716417910447762, 0.7164179104477612], "F1": [0.6470588235294118, 0.6911764705882353, 0.6716417910447762, 0.6865671641791045, 0.6865671641791045, 0.7313432835820896, 0.6716417910447762, 0.7313432835820896, 0.6716417910447762, 0.7164179104477613]}}}