{
    "dataset_name": "openml__profb__3561",
    "averages": {
        "train_averages": {
            "Log Loss": 0.5172952337915534,
            "AUC": 0.8148918281560567,
            "Accuracy": 0.7464671938949105,
            "F1": 0.7464671938949105
        },
        "val_averages": {
            "Log Loss": 0.604256309307182,
            "AUC": 0.6664075537988582,
            "Accuracy": 0.6845258999122039,
            "F1": 0.6845258999122039
        },
        "test_averages": {
            "Log Loss": 0.602903977412111,
            "AUC": 0.6617149758454106,
            "Accuracy": 0.6905399473222125,
            "F1": 0.6905399473222125
        },
        "average_train_time": 0.0005451000000107342
    }
}