{
    "dataset_name": "openml__qsar-biodeg__9957",
    "averages": {
        "train_averages": {
            "Log Loss": 0.2393770385327804,
            "AUC": 0.9680635624857136,
            "Accuracy": 0.915288057561979,
            "F1": 0.9152880575619792
        },
        "val_averages": {
            "Log Loss": 0.4107817592204389,
            "AUC": 0.8827505833251175,
            "Accuracy": 0.8198831985624437,
            "F1": 0.8198831985624437
        },
        "test_averages": {
            "Log Loss": 0.41078789060686366,
            "AUC": 0.8840684872983008,
            "Accuracy": 0.824618149146451,
            "F1": 0.824618149146451
        },
        "average_train_time": 0.00038041750001411857
    }
}