{
    "dataset_name": "openml__socmob__3797",
    "averages": {
        "train_averages": {
            "Log Loss": 0.10840564590996093,
            "AUC": 0.9896956275017967,
            "Accuracy": 0.9562079936097213,
            "F1": 0.9562079936097213
        },
        "val_averages": {
            "Log Loss": 0.162036953111716,
            "AUC": 0.9782376068376071,
            "Accuracy": 0.9334182908545727,
            "F1": 0.9334182908545727
        },
        "test_averages": {
            "Log Loss": 0.16254505803482333,
            "AUC": 0.978480341880342,
            "Accuracy": 0.9334257871064467,
            "F1": 0.9334257871064467
        },
        "average_train_time": 0.0005734038000127839
    }
}