{"dataset": {"name": "openml__socmob__3797", "cat_idx": [0, 1, 2, 3], "cat_dims": [17, 17, 2, 2], "target_type": "binary", "num_classes": 1, "num_features": 5, "num_instances": 1156, "split_source": "openml"}, "scaler": "Quantile", "model": {"name": "TabPFNModel", "params": {}, "args": {"model_name": "TabPFNModel", "batch_size": 128, "scale_numerical_features": "Quantile", "val_batch_size": 256, "objective": "binary", "gpu_ids": [0], "use_gpu": true, "epochs": 500, "data_parallel": true, "early_stopping_rounds": 20, "dataset": "openml__socmob__3797", "cat_idx": [0, 1, 2, 3], "num_features": 5, "subset_features": 10, "subset_rows": -1, "subset_features_method": "mutual_information", "subset_rows_method": "random", "cat_dims": [17, 17, 2, 2], "num_classes": 1, "logging_period": 100}}, "experiemnt_args": {"experiment_config": "tabzilla_experiment_config.yml", "output_dir": "./results/TabPFN_MUT/openml__socmob__3797", "write_predictions": false, "use_gpu": true, "gpu_ids": [0], "data_parallel": true, "n_random_trials": 30, "hparam_seed": 0, "n_opt_trials": 1, "batch_size": 128, "val_batch_size": 256, "scale_numerical_features": "Quantile", "early_stopping_rounds": 20, "epochs": 500, "logging_period": 100, "experiment_time_limit": 36000, "trial_time_limit": 7200, "subset_rows": -1, "subset_features": 10, "subset_rows_method": "random", "subset_features_method": "mutual_information", "subset_random_seed": 42}, "hparam_source": "sampler_30", "trial_number": 30, "exception": "None", "timers": {"train": [0.0005815790000269772, 0.000567949000014778, 0.0005052340000020195, 0.0006033050000269213, 0.0005411370000274474, 0.0006146540000599998, 0.0006114870000146766, 0.0005279209999571322, 0.0005755219999628025, 0.0006052500000350847], "val": [0.7789341249999779, 0.768957462000003, 0.7589092509999773, 0.7607766429999856, 0.7645640609999873, 0.7846033760000637, 0.7679035390000308, 0.7684941640000034, 0.7857054979999702, 0.7859107169999788], "test": [0.8091897909999943, 0.798170851000009, 0.8036498679999795, 0.7972537140000213, 0.7901248100000657, 0.8134758330000977, 0.7942470269999831, 0.7956767690000106, 0.7979808009999942, 0.8011756319999677], "train-eval": [1.1812090500000068, 1.1913630910000848, 1.1791685789999065, 1.1789604360000112, 1.171530587999996, 1.1924632400000519, 1.1953316889999996, 1.1759273079999275, 1.1936823370000411, 1.2028665560000036]}, "scorers": {"train": {"Log Loss": [0.10863093980728937, 0.10062542986381474, 0.10182304019530779, 0.09911854856916638, 0.10047367437158422, 0.11328954961385122, 0.11631812296558058, 0.11597173135313735, 0.11768602752714277, 0.11011939483273486], "AUC": [0.9896786492374727, 0.9914351851851853, 0.991367102396514, 0.9916666666666666, 0.9912105119825709, 0.9884756097560976, 0.9881135382955771, 0.9881944444444445, 0.9877359762675296, 0.9890785907859079], "Accuracy": [0.9534632034632035, 0.9545454545454546, 0.95995670995671, 0.9588744588744589, 0.9577922077922078, 0.9578378378378378, 0.9546436285097192, 0.9524838012958964, 0.9535637149028078, 0.9589189189189189], "F1": [0.9534632034632035, 0.9545454545454546, 0.95995670995671, 0.9588744588744589, 0.9577922077922078, 0.9578378378378378, 0.9546436285097192, 0.9524838012958964, 0.9535637149028078, 0.9589189189189189]}, "val": {"Log Loss": [0.23562890124668187, 0.16241004352014066, 0.12744831520892874, 0.29584845147860167, 0.11653554548994753, 0.12457508489922658, 0.12018102951879722, 0.13726073761830196, 0.17136745044381635, 0.12911397169271768], "AUC": [0.9641025641025641, 0.9782051282051282, 0.9854700854700855, 0.9504273504273504, 0.9876068376068377, 0.9862222222222222, 0.9875555555555555, 0.9826666666666667, 0.9742222222222222, 0.985897435897436], "Accuracy": [0.9051724137931034, 0.9310344827586207, 0.9310344827586207, 0.9224137931034483, 0.9396551724137931, 0.9565217391304348, 0.9478260869565217, 0.9391304347826087, 0.9217391304347826, 0.9396551724137931], "F1": [0.9051724137931035, 0.9310344827586207, 0.9310344827586207, 0.9224137931034483, 0.9396551724137931, 0.9565217391304348, 0.9478260869565217, 0.9391304347826087, 0.9217391304347826, 0.9396551724137931]}, "test": {"Log Loss": [0.12711040115342398, 0.22839653630272316, 0.16227631317303584, 0.13548712860080167, 0.29144398798567045, 0.11713767718153538, 0.12889572526296791, 0.13514876344340152, 0.12932923027622212, 0.1702248169684515], "AUC": [0.9876068376068375, 0.9658119658119658, 0.9794871794871796, 0.9833333333333334, 0.9521367521367521, 0.9893162393162394, 0.9853333333333334, 0.984, 0.9853333333333334, 0.9724444444444444], "Accuracy": [0.9396551724137931, 0.896551724137931, 0.9310344827586207, 0.9310344827586207, 0.9224137931034483, 0.9396551724137931, 0.9565217391304348, 0.9391304347826087, 0.9478260869565217, 0.9304347826086956], "F1": [0.9396551724137931, 0.896551724137931, 0.9310344827586207, 0.9310344827586207, 0.9224137931034483, 0.9396551724137931, 0.9565217391304348, 0.9391304347826087, 0.9478260869565217, 0.9304347826086956]}}}