{
    "dataset_name": "openml__SpeedDating__146607",
    "averages": {
        "train_averages": {
            "Log Loss": 0.2926709095400789,
            "AUC": 0.8711877672205173,
            "Accuracy": 0.8747999999999999,
            "F1": 0.8747999999999999
        },
        "val_averages": {
            "Log Loss": 0.34628513234546116,
            "AUC": 0.8381096071880266,
            "Accuracy": 0.8530661271788379,
            "F1": 0.8530661271788379
        },
        "test_averages": {
            "Log Loss": 0.34531489219331846,
            "AUC": 0.8390692582127086,
            "Accuracy": 0.8531844609256265,
            "F1": 0.8531844609256265
        },
        "average_train_time": 0.0011082114000032562
    }
}