{
    "dataset_name": "openml__splice__45",
    "averages": {
        "train_averages": {
            "Log Loss": 0.05811230877667319,
            "AUC": 0.9996061238574103,
            "Accuracy": 0.9890000000000001,
            "F1": 0.9890299895289036
        },
        "val_averages": {
            "Log Loss": 0.2540021152649332,
            "AUC": 0.9781047827882295,
            "Accuracy": 0.9141065830721002,
            "F1": 0.9149202710549702
        },
        "test_averages": {
            "Log Loss": 0.2536873138085757,
            "AUC": 0.9784185122067959,
            "Accuracy": 0.9134796238244514,
            "F1": 0.9143030539337247
        },
        "average_train_time": 0.0009114977000194812
    }
}