{
    "dataset_name": "openml__vehicle__53",
    "averages": {
        "train_averages": {
            "Log Loss": 0.1758230906477813,
            "AUC": 0.9980675437386358,
            "Accuracy": 0.9830038813998048,
            "F1": 0.9829545409147329
        },
        "val_averages": {
            "Log Loss": 0.48925057728203275,
            "AUC": 0.9352568059266624,
            "Accuracy": 0.7564145658263305,
            "F1": 0.7485827480787092
        },
        "test_averages": {
            "Log Loss": 0.4881315412398955,
            "AUC": 0.9349447235759609,
            "Accuracy": 0.7634313725490196,
            "F1": 0.756504262936362
        },
        "average_train_time": 0.00040597070001240353
    }
}