{"dataset": {"name": "openml__credit-g__31", "cat_idx": [0, 2, 3, 5, 6, 8, 9, 11, 13, 14, 16, 18, 19], "cat_dims": [4, 5, 10, 5, 5, 4, 3, 4, 3, 3, 4, 2, 2], "target_type": "binary", "num_classes": 1, "num_features": 20, "num_instances": 1000, "split_source": "openml"}, "scaler": "Quantile", "model": {"name": "TabPFNModel", "params": {}, "args": {"model_name": "TabPFNModel", "batch_size": 128, "scale_numerical_features": "Quantile", "val_batch_size": 256, "objective": "binary", "gpu_ids": [0], "use_gpu": true, "epochs": 500, "data_parallel": true, "early_stopping_rounds": 20, "dataset": "openml__credit-g__31", "cat_idx": [0, 2, 3, 5, 6, 8, 9, 11, 13, 14, 16, 18, 19], "num_features": 20, "subset_features": -1, "subset_rows": -1, "subset_features_method": "random", "subset_rows_method": "random", "cat_dims": [4, 5, 10, 5, 5, 4, 3, 4, 3, 3, 4, 2, 2], "num_classes": 1, "logging_period": 100}}, "experiemnt_args": {"experiment_config": "tabzilla_experiment_config.yml", "output_dir": "./results/TabPFN_RF/openml__credit-g__31", "write_predictions": false, "use_gpu": true, "gpu_ids": [0], "data_parallel": true, "n_random_trials": 30, "hparam_seed": 0, "n_opt_trials": 1, "batch_size": 128, "val_batch_size": 256, "scale_numerical_features": "Quantile", "early_stopping_rounds": 20, "epochs": 500, "logging_period": 100, "experiment_time_limit": 36000, "trial_time_limit": 7200, "subset_rows": -1, "subset_features": -1, "subset_rows_method": "random", "subset_features_method": "random", "subset_random_seed": 42}, "hparam_source": "sampler_30", "trial_number": 30, "exception": "None", "timers": {"train": [0.0006593000000236771, 0.0006215010000119037, 0.0006283419999988382, 0.0005882080000105816, 0.000666840000008051, 0.0006202639999912662, 0.0006838559999948757, 0.0005974350000030881, 0.0008845369999903596, 0.0006226579999975002], "val": [0.2293635109999741, 0.22843780400000924, 0.23067370299997947, 0.22943509699999254, 0.22490383999999608, 0.2237264340000138, 0.22240243100000612, 0.22685242800000083, 0.23097732299999052, 0.23493233300001748], "test": [0.23567671699998982, 0.2284423720000177, 0.23079226799998764, 0.23127388199998222, 0.22369629300001748, 0.22445694299997854, 0.2220666030000018, 0.2279219530000205, 0.23543143399999167, 0.22948142900003177], "train-eval": [0.3004540979999888, 0.29829427000001374, 0.29966210000000615, 0.2987857870000141, 0.2973742469999934, 0.29231067700001745, 0.29345854900000745, 0.2976689639999961, 0.3170013729999823, 0.302879235000006]}, "scorers": {"train": {"Log Loss": [0.42029756187143164, 0.42023324772516246, 0.3987064859283136, 0.40894321415725654, 0.4115318835203376, 0.404840352398663, 0.4249432454383363, 0.4014291370759042, 0.35574123301586896, 0.38424571121766105], "AUC": [0.8703125, 0.86859375, 0.8845833333333333, 0.8788020833333332, 0.8786160714285715, 0.8843303571428571, 0.8664062500000002, 0.8871354166666668, 0.9203645833333333, 0.9009598214285715], "Accuracy": [0.80875, 0.81875, 0.82875, 0.82, 0.81, 0.82125, 0.8075, 0.8225, 0.85, 0.8325], "F1": [0.8087499999999999, 0.81875, 0.82875, 0.82, 0.81, 0.82125, 0.8075, 0.8225, 0.85, 0.8325]}, "val": {"Log Loss": [0.4864986642472286, 0.5698771296539477, 0.48605826568759014, 0.490316055066184, 0.485878491957547, 0.5252532676725736, 0.45442561569254414, 0.5888089664717837, 0.5749795147524922, 0.4729657082150356], "AUC": [0.8185714285714286, 0.7204761904761905, 0.800952380952381, 0.7895238095238095, 0.7999999999999999, 0.759047619047619, 0.8414285714285715, 0.7152380952380952, 0.7142857142857142, 0.8157142857142856], "Accuracy": [0.74, 0.69, 0.78, 0.69, 0.74, 0.74, 0.82, 0.72, 0.71, 0.76], "F1": [0.74, 0.69, 0.78, 0.69, 0.74, 0.74, 0.82, 0.72, 0.7100000000000001, 0.76]}, "test": {"Log Loss": [0.4849072148257335, 0.4821840583183444, 0.5699351355968414, 0.478177340400903, 0.49733111299573557, 0.4852568215888837, 0.517887579700758, 0.4545928624236032, 0.6007148048737486, 0.5574940471382095], "AUC": [0.7976190476190476, 0.819047619047619, 0.7157142857142857, 0.8023809523809523, 0.7876190476190477, 0.8009523809523809, 0.7633333333333333, 0.8495238095238096, 0.6995238095238095, 0.7376190476190476], "Accuracy": [0.75, 0.75, 0.69, 0.75, 0.68, 0.73, 0.76, 0.82, 0.7, 0.75], "F1": [0.75, 0.75, 0.69, 0.75, 0.68, 0.7299999999999999, 0.76, 0.82, 0.7, 0.75]}}}