{
    "dataset_name": "openml__lymph__10",
    "averages": {
        "train_averages": {
            "Log Loss": 0.5837902545786824,
            "AUC": 0.89544711674734,
            "Accuracy": 0.735660518444666,
            "F1": 0.7275600397791598
        },
        "val_averages": {
            "Log Loss": 0.7624401523938995,
            "AUC": 0.7750992063492064,
            "Accuracy": 0.717142857142857,
            "F1": 0.7066552980166424
        },
        "test_averages": {
            "Log Loss": 0.7704489439168303,
            "AUC": 0.7677414021164022,
            "Accuracy": 0.7104761904761904,
            "F1": 0.6987982661596106
        }
    }
}