{"dataset": {"name": "openml__lymph__10", "cat_idx": [0, 1, 2, 3, 4, 5, 6, 7, 10, 11, 12, 13, 14, 15, 16], "cat_dims": [4, 2, 2, 2, 2, 2, 2, 2, 3, 4, 4, 8, 3, 2, 2], "target_type": "classification", "num_classes": 4, "num_features": 18, "num_instances": 148, "split_source": "openml"}, "scaler": "Quantile", "model": {"name": "TabPFNModel", "params": {}, "args": {"model_name": "TabPFNModel", "batch_size": 128, "scale_numerical_features": "Quantile", "val_batch_size": 256, "objective": "classification", "gpu_ids": [0], "use_gpu": true, "epochs": 500, "data_parallel": true, "early_stopping_rounds": 20, "dataset": "openml__lymph__10", "cat_idx": [0, 1, 2, 3, 4, 5, 6, 7, 10, 11, 12, 13, 14, 15, 16], "num_features": 18, "subset_features": -1, "subset_rows": -1, "subset_features_method": "random", "subset_rows_method": "random", "cat_dims": [4, 2, 2, 2, 2, 2, 2, 2, 3, 4, 4, 8, 3, 2, 2], "num_classes": 4, "logging_period": 100}}, "experiemnt_args": {"experiment_config": "tabzilla_experiment_config.yml", "output_dir": "./results/TabPFN_RF/openml__lymph__10", "write_predictions": false, "use_gpu": true, "gpu_ids": [0], "data_parallel": true, "n_random_trials": 30, "hparam_seed": 0, "n_opt_trials": 1, "batch_size": 128, "val_batch_size": 256, "scale_numerical_features": "Quantile", "early_stopping_rounds": 20, "epochs": 500, "logging_period": 100, "experiment_time_limit": 36000, "trial_time_limit": 7200, "subset_rows": -1, "subset_features": -1, "subset_rows_method": "random", "subset_features_method": "random", "subset_random_seed": 42}, "hparam_source": "sampler_30", "trial_number": 30, "exception": "None", "timers": {"train": [0.000437481000005846, 0.00043764299999793366, 0.0004290579999945976, 0.00044797600000379134, 0.0004413519999957316, 0.00042246200000306544, 0.0004251789999898392, 0.0004199570000054109, 0.0004230770000077655, 0.00044843099999525293], "val": [0.05897565600000121, 0.05943398899999863, 0.058581137000004446, 0.05968416700000034, 0.05833639000000801, 0.05827697799999498, 0.057715455999996834, 0.05894055299999934, 0.05884807900000055, 0.0587280609999965], "test": [0.058763953999999785, 0.05892692199999772, 0.058611677000001805, 0.05916568800000732, 0.05815772300000788, 0.05886094499999217, 0.056818382000003, 0.05887603499999727, 0.05871652800000504, 0.058837504999999624], "train-eval": [0.06860102199999574, 0.0688556939999927, 0.06797770000000014, 0.06990150800000094, 0.06860574499999927, 0.06807721500000241, 0.06698203300000216, 0.06811337900001035, 0.06872862700001292, 0.06850840399999925]}, "scorers": {"train": {"Log Loss": [0.6050486783695528, 0.5931380926173302, 0.5824173426139988, 0.6091807494342402, 0.5518530769329919, 0.5566575454859245, 0.5597477442042982, 0.5557802411607317, 0.6246975787065963, 0.5993814962611607], "AUC": [0.8873653628117913, 0.9105965463108321, 0.9194531658817374, 0.8759942438513867, 0.9225427350427351, 0.8990651709401708, 0.8736002093144949, 0.8937205651491366, 0.8751439037153323, 0.8969892644557823], "Accuracy": [0.711864406779661, 0.7288135593220338, 0.7372881355932204, 0.7457627118644068, 0.7372881355932204, 0.7372881355932204, 0.7627118644067796, 0.7563025210084033, 0.725, 0.7142857142857143], "F1": [0.6986018548129197, 0.7172883396922952, 0.7249269499339634, 0.7334662678630776, 0.7217854832449216, 0.7336561743341403, 0.7634762141635222, 0.7535077744690107, 0.7206209761163032, 0.7082703631614459]}, "val": {"Log Loss": [0.7498507389295823, 0.6439951605830999, 0.7828525566665768, 0.7395574848909199, 0.7094753482340176, 0.5237303017244728, 1.7297313067502311, 0.6850296244558375, 0.5330376205915315, 0.5271413811127262], "AUC": [0.8263888888888888, 0.8645833333333334, 0.7604166666666666, 0.8125, 0.5982142857142857, 0.8819444444444445, 0.5590277777777778, 0.7604166666666667, 0.8541666666666666, 0.8333333333333334], "Accuracy": [0.6666666666666666, 0.7333333333333333, 0.6666666666666666, 0.6666666666666666, 0.7333333333333333, 0.7333333333333333, 0.6, 0.7142857142857143, 0.8571428571428571, 0.8], "F1": [0.6476190476190476, 0.7123809523809523, 0.6431372549019608, 0.6431372549019608, 0.7333333333333333, 0.7123809523809523, 0.5841269841269842, 0.7378335949764521, 0.8507936507936508, 0.8018099547511313]}, "test": {"Log Loss": [0.5284644572261509, 0.6683851271454712, 0.76544337987648, 0.7514045619488121, 0.7019439117095487, 0.7020770792058985, 1.5307745568467994, 0.8948967894988633, 0.6131799871969527, 0.5479195885133253], "AUC": [0.8148148148148149, 0.8263888888888888, 0.798611111111111, 0.798611111111111, 0.798611111111111, 0.6160714285714286, 0.638888888888889, 0.7708333333333334, 0.7916666666666667, 0.8229166666666666], "Accuracy": [0.8, 0.7333333333333333, 0.6, 0.6666666666666666, 0.6666666666666666, 0.7333333333333333, 0.7333333333333333, 0.6, 0.7142857142857143, 0.8571428571428571], "F1": [0.8018099547511313, 0.7076923076923076, 0.5737373737373737, 0.6431372549019608, 0.6431372549019608, 0.7333333333333333, 0.7123809523809523, 0.5841269841269842, 0.7378335949764521, 0.8507936507936508]}}}