{
    "dataset_name": "openml__profb__3561",
    "averages": {
        "train_averages": {
            "Log Loss": 0.5582701773639023,
            "AUC": 0.7447739852285855,
            "Accuracy": 0.7178190866398626,
            "F1": 0.7178190866398626
        },
        "val_averages": {
            "Log Loss": 0.6068459567560769,
            "AUC": 0.6602283706631533,
            "Accuracy": 0.6725856014047411,
            "F1": 0.6725856014047411
        },
        "test_averages": {
            "Log Loss": 0.6046473733940422,
            "AUC": 0.6622134387351779,
            "Accuracy": 0.6830333625987709,
            "F1": 0.6830333625987709
        }
    }
}