{"dataset": {"name": "openml__profb__3561", "cat_idx": [3, 4, 7, 8], "cat_dims": [28, 28, 5, 2], "target_type": "binary", "num_classes": 1, "num_features": 9, "num_instances": 672, "split_source": "openml"}, "scaler": "Quantile", "model": {"name": "TabPFNModel", "params": {}, "args": {"model_name": "TabPFNModel", "batch_size": 128, "scale_numerical_features": "Quantile", "val_batch_size": 256, "objective": "binary", "gpu_ids": [0], "use_gpu": true, "epochs": 500, "data_parallel": true, "early_stopping_rounds": 20, "dataset": "openml__profb__3561", "cat_idx": [3, 4, 7, 8], "num_features": 9, "subset_features": -1, "subset_rows": -1, "subset_features_method": "random", "subset_rows_method": "random", "cat_dims": [28, 28, 5, 2], "num_classes": 1, "logging_period": 100}}, "experiemnt_args": {"experiment_config": "tabzilla_experiment_config.yml", "output_dir": "./results/TabPFN_RF/openml__profb__3561", "write_predictions": false, "use_gpu": true, "gpu_ids": [0], "data_parallel": true, "n_random_trials": 30, "hparam_seed": 0, "n_opt_trials": 1, "batch_size": 128, "val_batch_size": 256, "scale_numerical_features": "Quantile", "early_stopping_rounds": 20, "epochs": 500, "logging_period": 100, "experiment_time_limit": 36000, "trial_time_limit": 7200, "subset_rows": -1, "subset_features": -1, "subset_rows_method": "random", "subset_features_method": "random", "subset_random_seed": 42}, "hparam_source": "sampler_30", "trial_number": 30, "exception": "None", "timers": {"train": [0.0005368330000123933, 0.000497147000004361, 0.0004956350000213661, 0.000514291999991201, 0.0005348440000148003, 0.0005205030000183797, 0.0004936969999960183, 0.0005442650000020421, 0.0005105139999841413, 0.000502675999996427], "val": [0.1787445320000245, 0.17699998399999117, 0.18569696800000202, 0.18494637100002365, 0.1866692119999982, 0.18593916900002228, 0.17890287400001625, 0.18155863000001204, 0.18417890999998576, 0.18575199299999667], "test": [0.179662215999997, 0.17845082099998422, 0.185716981000013, 0.1852717040000016, 0.18534592500000713, 0.18424216799999726, 0.18012603700000795, 0.1896331250000003, 0.18363832999997953, 0.18434429000001273], "train-eval": [0.22045799200000715, 0.21876502500001038, 0.2248016190000044, 0.22508991700001957, 0.22702765599998997, 0.22751162699998417, 0.21989214199999196, 0.2226903469999968, 0.2252291409999998, 0.2202744310000071]}, "scorers": {"train": {"Log Loss": [0.5738683207827565, 0.5673547953153617, 0.5624185782079818, 0.5452950781347885, 0.5257210836400914, 0.5693932346292899, 0.5782088736998234, 0.5839972742633426, 0.5441383113597361, 0.5323062236058507], "AUC": [0.7195719038352896, 0.736571892263038, 0.7400682805710739, 0.7584729981378027, 0.7909838609559281, 0.7218808193668529, 0.7162631905648665, 0.7108821835950265, 0.7659332084893882, 0.7871115145065883], "Accuracy": [0.7052238805970149, 0.707635009310987, 0.7174721189591078, 0.7323420074349443, 0.7472118959107806, 0.7026022304832714, 0.6970260223048327, 0.6877323420074349, 0.7323420074349443, 0.7486033519553073], "F1": [0.7052238805970149, 0.7076350093109869, 0.7174721189591078, 0.7323420074349443, 0.7472118959107806, 0.7026022304832714, 0.6970260223048327, 0.6877323420074349, 0.7323420074349443, 0.7486033519553071]}, "val": {"Log Loss": [0.6086509471731318, 0.5885697028267072, 0.6220998650049545, 0.6403262788217938, 0.5955566469472529, 0.6306912890222509, 0.5550843982095296, 0.6003172434980792, 0.6403100851294736, 0.5868531109275958], "AUC": [0.6444444444444445, 0.6757575757575758, 0.6353535353535353, 0.6050505050505051, 0.6676767676767676, 0.6090909090909091, 0.7757575757575758, 0.683794466403162, 0.6106719367588933, 0.6946859903381642], "Accuracy": [0.7058823529411765, 0.6567164179104478, 0.6716417910447762, 0.6716417910447762, 0.6716417910447762, 0.6716417910447762, 0.7014925373134329, 0.6567164179104478, 0.6567164179104478, 0.6617647058823529], "F1": [0.7058823529411765, 0.6567164179104478, 0.6716417910447762, 0.6716417910447762, 0.6716417910447762, 0.6716417910447762, 0.7014925373134329, 0.6567164179104478, 0.6567164179104478, 0.6617647058823529]}, "test": {"Log Loss": [0.5933724138723088, 0.5993990493274763, 0.5924015544532718, 0.6247887157434718, 0.6338931299223415, 0.5923842007525021, 0.6283484823593964, 0.55758415549466, 0.589894253005226, 0.6344077790097671], "AUC": [0.676328502415459, 0.6628019323671498, 0.6757575757575758, 0.6353535353535354, 0.6141414141414141, 0.6727272727272727, 0.602020202020202, 0.7727272727272727, 0.6818181818181818, 0.6284584980237155], "Accuracy": [0.6617647058823529, 0.7058823529411765, 0.6567164179104478, 0.6716417910447762, 0.6567164179104478, 0.6716417910447762, 0.7014925373134329, 0.7014925373134329, 0.7313432835820896, 0.6716417910447762], "F1": [0.6617647058823529, 0.7058823529411765, 0.6567164179104478, 0.6716417910447762, 0.6567164179104478, 0.6716417910447762, 0.7014925373134329, 0.7014925373134329, 0.7313432835820896, 0.6716417910447762]}}}