{
    "dataset_name": "openml__Australian__146818",
    "averages": {
        "train_averages": {
            "Log Loss": 0.20579791962750432,
            "AUC": 0.9772287637974975,
            "Accuracy": 0.9208333333333334,
            "F1": 0.9208333333333334
        },
        "val_averages": {
            "Log Loss": 0.3384919295161275,
            "AUC": 0.9313396601512052,
            "Accuracy": 0.8666666666666668,
            "F1": 0.8666666666666668
        },
        "test_averages": {
            "Log Loss": 0.3390769714023876,
            "AUC": 0.9317716541146084,
            "Accuracy": 0.8681159420289857,
            "F1": 0.8681159420289857
        }
    }
}