{"dataset": {"name": "openml__Australian__146818", "cat_idx": [0, 3, 4, 5, 7, 8, 10, 11], "cat_dims": [2, 3, 14, 8, 2, 2, 2, 3], "target_type": "binary", "num_classes": 1, "num_features": 14, "num_instances": 690, "split_source": "openml"}, "scaler": "Quantile", "model": {"name": "TabPFNModel", "params": {}, "args": {"model_name": "TabPFNModel", "batch_size": 128, "scale_numerical_features": "Quantile", "val_batch_size": 256, "objective": "binary", "gpu_ids": [0], "use_gpu": true, "epochs": 500, "data_parallel": true, "early_stopping_rounds": 20, "dataset": "openml__Australian__146818", "cat_idx": [0, 3, 4, 5, 7, 8, 10, 11], "num_features": 14, "subset_features": -1, "subset_rows": -1, "subset_features_method": "random", "subset_rows_method": "random", "cat_dims": [2, 3, 14, 8, 2, 2, 2, 3], "num_classes": 1, "logging_period": 100}}, "experiemnt_args": {"experiment_config": "tabzilla_experiment_config.yml", "output_dir": "./results/TabPFN/openml__Australian__146818", "write_predictions": false, "use_gpu": true, "gpu_ids": [0], "data_parallel": true, "n_random_trials": 30, "hparam_seed": 0, "n_opt_trials": 1, "batch_size": 128, "val_batch_size": 256, "scale_numerical_features": "Quantile", "early_stopping_rounds": 20, "epochs": 500, "logging_period": 100, "experiment_time_limit": 36000, "trial_time_limit": 7200, "subset_rows": -1, "subset_features": -1, "subset_rows_method": "random", "subset_features_method": "random", "subset_random_seed": 42}, "hparam_source": "sampler_30", "trial_number": 30, "exception": "None", "timers": {"train": [0.000679493999996339, 0.000706733000015447, 0.0006897260000187089, 0.000696648000030109, 0.0007183609999970031, 0.0007140499999991334, 0.0009235279999870727, 0.0006843200000048455, 0.0007037569999965854, 0.000676343000009183], "val": [0.4438917719999722, 0.44184163500000295, 0.4389514479999548, 0.44772917599999573, 0.43760278999997126, 0.44049210099996117, 0.4655109270000253, 0.44257290699999885, 0.44078469499999073, 0.43981287899998733], "test": [0.44541169999996555, 0.44061456399998633, 0.43709895699998924, 0.43406866700001956, 0.4365614299999834, 0.4389634659999615, 0.44064594999997553, 0.440470031000018, 0.4413415030000465, 0.4402809439999942], "train-eval": [0.6222916210000449, 0.6212598729999854, 0.614065443999948, 0.6105627759999948, 0.6139205620000325, 0.6168645000000197, 0.6184325270000386, 0.6239665080000236, 0.6237534179999784, 0.6150771540000051]}, "scorers": {"train": {"Log Loss": [0.21866438172094246, 0.19351247918898845, 0.2016159889502831, 0.19216441215621455, 0.1739551674262604, 0.22329968697725772, 0.21155299569167135, 0.21887886733223663, 0.19922590141549684, 0.22510931541569162], "AUC": [0.9734627401449178, 0.9794322940902745, 0.9787010569700193, 0.9807618161271023, 0.9850428770856877, 0.9719071993618293, 0.9744805781391147, 0.9740757947833012, 0.9802216765115817, 0.9742016047611457], "Accuracy": [0.9130434782608695, 0.9257246376811594, 0.9329710144927537, 0.9329710144927537, 0.9347826086956522, 0.9003623188405797, 0.9130434782608695, 0.9166666666666666, 0.9257246376811594, 0.9130434782608695], "F1": [0.9130434782608695, 0.9257246376811594, 0.9329710144927537, 0.9329710144927537, 0.9347826086956522, 0.9003623188405797, 0.9130434782608695, 0.9166666666666666, 0.9257246376811594, 0.9130434782608695]}, "val": {"Log Loss": [0.3448940176213551, 0.4270491969065868, 0.35029316977399405, 0.2972775445165677, 0.24774070887689703, 0.42257566727517254, 0.37657377408751813, 0.2988359944715163, 0.37507700623978946, 0.24460221539187796], "AUC": [0.9219015280135824, 0.9108658743633277, 0.933786078098472, 0.9456706281833617, 0.966893039049236, 0.8947368421052632, 0.9179487179487179, 0.9393162393162393, 0.9153846153846154, 0.9668930390492361], "Accuracy": [0.8405797101449275, 0.8115942028985508, 0.8260869565217391, 0.9130434782608695, 0.8695652173913043, 0.855072463768116, 0.9130434782608695, 0.8695652173913043, 0.855072463768116, 0.9130434782608695], "F1": [0.8405797101449275, 0.8115942028985508, 0.8260869565217391, 0.9130434782608695, 0.8695652173913043, 0.855072463768116, 0.9130434782608695, 0.8695652173913043, 0.855072463768116, 0.9130434782608695]}, "test": {"Log Loss": [0.23829423473829847, 0.3492507692964514, 0.4562044325188244, 0.32062967575027596, 0.3167501028981349, 0.23484392619351216, 0.42929257108307234, 0.3742140875805886, 0.3162206294580187, 0.35506928450669895], "AUC": [0.9609507640067911, 0.9159592529711376, 0.9083191850594228, 0.9448217317487266, 0.9414261460101869, 0.9702886247877759, 0.8921901528013582, 0.9128205128205128, 0.9401709401709402, 0.9307692307692308], "Accuracy": [0.9420289855072463, 0.855072463768116, 0.8115942028985508, 0.855072463768116, 0.8840579710144928, 0.8840579710144928, 0.8695652173913043, 0.8985507246376812, 0.8405797101449275, 0.8405797101449275], "F1": [0.9420289855072463, 0.855072463768116, 0.8115942028985508, 0.855072463768116, 0.8840579710144928, 0.8840579710144928, 0.8695652173913043, 0.8985507246376812, 0.8405797101449275, 0.8405797101449275]}}}