{"dataset": {"name": "openml__colic__25", "cat_idx": [0, 1, 5, 6, 7, 8, 9, 10, 11, 12, 13, 15, 16, 19, 21, 22, 23, 24, 25], "cat_dims": [3, 2, 5, 5, 7, 4, 6, 5, 5, 4, 4, 5, 6, 4, 4, 2, 63, 8, 2], "target_type": "binary", "num_classes": 1, "num_features": 26, "num_instances": 368, "split_source": "openml"}, "scaler": "Quantile", "model": {"name": "TabPFNModel", "params": {}, "args": {"model_name": "TabPFNModel", "batch_size": 128, "scale_numerical_features": "Quantile", "val_batch_size": 256, "objective": "binary", "gpu_ids": [0], "use_gpu": true, "epochs": 500, "data_parallel": true, "early_stopping_rounds": 20, "dataset": "openml__colic__25", "cat_idx": [0, 1, 5, 6, 7, 8, 9, 10, 11, 12, 13, 15, 16, 19, 21, 22, 23, 24, 25], "num_features": 26, "subset_features": -1, "subset_rows": -1, "subset_features_method": "random", "subset_rows_method": "random", "cat_dims": [3, 2, 5, 5, 7, 4, 6, 5, 5, 4, 4, 5, 6, 4, 4, 2, 63, 8, 2], "num_classes": 1, "logging_period": 100}}, "experiemnt_args": {"experiment_config": "tabzilla_experiment_config.yml", "output_dir": "./results/TabPFN/openml__colic__25", "write_predictions": false, "use_gpu": true, "gpu_ids": [0], "data_parallel": true, "n_random_trials": 30, "hparam_seed": 0, "n_opt_trials": 1, "batch_size": 128, "val_batch_size": 256, "scale_numerical_features": "Quantile", "early_stopping_rounds": 20, "epochs": 500, "logging_period": 100, "experiment_time_limit": 36000, "trial_time_limit": 7200, "subset_rows": -1, "subset_features": -1, "subset_rows_method": "random", "subset_features_method": "random", "subset_random_seed": 42}, "hparam_source": "sampler_30", "trial_number": 30, "exception": "None", "timers": {"train": [0.000661570000033862, 0.0006832430000258682, 0.0006772919999775695, 0.0006812789999912638, 0.0007125149999751557, 0.0007312319999641659, 0.000707409000028747, 0.0007067809999625752, 0.000691377000009652, 0.0007462789999976849], "val": [0.25069566799999166, 0.253877808000027, 0.25270544099998915, 0.2801141139999572, 0.2810539129999938, 0.25549552699999367, 0.2583274490000349, 0.25752293599998666, 0.2558982489999835, 0.26752139399997077], "test": [0.25021504500000447, 0.2505841059999625, 0.26514159999999265, 0.2650719009999989, 0.27500471799999104, 0.2562882839999929, 0.25890127600001733, 0.25675724400002764, 0.2757762759999878, 0.2553076299999475], "train-eval": [0.41064268899998524, 0.40904251099999556, 0.4148173010000278, 0.41424851299996135, 0.4493078699999842, 0.42452796999998554, 0.41594684500000767, 0.4193485639999608, 0.4142249839999863, 0.420132792000004]}, "scorers": {"train": {"Log Loss": [0.10781052503533742, 0.12209634353844681, 0.13895224178778526, 0.11883126136107783, 0.13483792148165966, 0.14823699849821775, 0.139413097735942, 0.09743350753765252, 0.14668584626625725, 0.1603078700576053], "AUC": [0.9998969072164948, 0.9995876288659794, 0.9975773195876289, 0.9991193991193992, 0.997917534360683, 0.9954706372344857, 0.9982819658475636, 1.0, 0.9975, 0.9945641025641025], "Accuracy": [0.9931972789115646, 0.9965986394557823, 0.9727891156462585, 0.9897959183673469, 0.9863945578231292, 0.9727891156462585, 0.9829931972789115, 0.9966101694915255, 0.972972972972973, 0.9627118644067797], "F1": [0.9931972789115646, 0.9965986394557823, 0.9727891156462585, 0.9897959183673469, 0.9863945578231292, 0.9727891156462585, 0.9829931972789115, 0.9966101694915255, 0.972972972972973, 0.9627118644067797]}, "val": {"Log Loss": [0.2740339182761892, 0.46837118228776936, 0.3913892195232518, 0.36095712913390854, 0.5285080635965849, 0.4992327559716061, 0.3204835365845147, 0.3874788667927986, 0.5070378846338164, 0.4096113008659996], "AUC": [0.9533333333333333, 0.8500000000000001, 0.8933333333333333, 0.9102564102564102, 0.8141025641025641, 0.8493589743589743, 0.9391025641025641, 0.8611111111111112, 0.8680555555555556, 0.89], "Accuracy": [0.8918918918918919, 0.8108108108108109, 0.8108108108108109, 0.8108108108108109, 0.8378378378378378, 0.8108108108108109, 0.8918918918918919, 0.7222222222222222, 0.8055555555555556, 0.8648648648648649], "F1": [0.8918918918918919, 0.8108108108108109, 0.8108108108108109, 0.8108108108108109, 0.8378378378378378, 0.8108108108108109, 0.8918918918918919, 0.7222222222222222, 0.8055555555555556, 0.8648648648648649]}, "test": {"Log Loss": [0.3952954294791966, 0.2801196162749173, 0.4936942672902118, 0.38072425749862726, 0.31087005499040504, 0.5922873158949014, 0.44618408239298457, 0.3651065744533646, 0.36713002833384656, 0.5069947074143303], "AUC": [0.8766666666666667, 0.9533333333333334, 0.8433333333333333, 0.8933333333333334, 0.9230769230769231, 0.7916666666666667, 0.8653846153846153, 0.8974358974358974, 0.8819444444444444, 0.8576388888888887], "Accuracy": [0.8648648648648649, 0.8918918918918919, 0.7837837837837838, 0.8378378378378378, 0.8378378378378378, 0.7837837837837838, 0.8648648648648649, 0.8108108108108109, 0.75, 0.8055555555555556], "F1": [0.8648648648648649, 0.8918918918918919, 0.7837837837837838, 0.8378378378378378, 0.8378378378378378, 0.7837837837837838, 0.8648648648648649, 0.8108108108108109, 0.75, 0.8055555555555556]}}}