{
    "dataset_name": "openml__colic__27",
    "averages": {
        "train_averages": {
            "Log Loss": 0.09191666391175055,
            "AUC": 0.9993317584864243,
            "Accuracy": 0.9864060644871782,
            "F1": 0.9864060644871782
        },
        "val_averages": {
            "Log Loss": 0.4212160293650863,
            "AUC": 0.8731406274884534,
            "Accuracy": 0.8505255255255255,
            "F1": 0.8505255255255255
        },
        "test_averages": {
            "Log Loss": 0.41673294303024744,
            "AUC": 0.879138795986622,
            "Accuracy": 0.8557057057057056,
            "F1": 0.8557057057057056
        }
    }
}