{"dataset": {"name": "openml__colic__27", "cat_idx": [0, 1, 5, 6, 7, 8, 9, 10, 11, 12, 13, 15, 16, 19, 21], "cat_dims": [3, 2, 5, 5, 7, 4, 6, 5, 5, 4, 4, 5, 6, 4, 4], "target_type": "binary", "num_classes": 1, "num_features": 22, "num_instances": 368, "split_source": "openml"}, "scaler": "Quantile", "model": {"name": "TabPFNModel", "params": {}, "args": {"model_name": "TabPFNModel", "batch_size": 128, "scale_numerical_features": "Quantile", "val_batch_size": 256, "objective": "binary", "gpu_ids": [0], "use_gpu": true, "epochs": 500, "data_parallel": true, "early_stopping_rounds": 20, "dataset": "openml__colic__27", "cat_idx": [0, 1, 5, 6, 7, 8, 9, 10, 11, 12, 13, 15, 16, 19, 21], "num_features": 22, "subset_features": -1, "subset_rows": -1, "subset_features_method": "random", "subset_rows_method": "random", "cat_dims": [3, 2, 5, 5, 7, 4, 6, 5, 5, 4, 4, 5, 6, 4, 4], "num_classes": 1, "logging_period": 100}}, "experiemnt_args": {"experiment_config": "tabzilla_experiment_config.yml", "output_dir": "./results/TabPFN/openml__colic__27", "write_predictions": false, "use_gpu": true, "gpu_ids": [0], "data_parallel": true, "n_random_trials": 30, "hparam_seed": 0, "n_opt_trials": 1, "batch_size": 128, "val_batch_size": 256, "scale_numerical_features": "Quantile", "early_stopping_rounds": 20, "epochs": 500, "logging_period": 100, "experiment_time_limit": 36000, "trial_time_limit": 7200, "subset_rows": -1, "subset_features": -1, "subset_rows_method": "random", "subset_features_method": "random", "subset_random_seed": 42}, "hparam_source": "sampler_30", "trial_number": 30, "exception": "None", "timers": {"train": [0.00062880499996254, 0.0006171539999968445, 0.0006285730000286094, 0.0006775969999921472, 0.0006291759999612623, 0.0006402239999943049, 0.0006131760000016584, 0.0006159550000006675, 0.0006318499999906635, 0.0006118609999816726], "val": [0.22975407800004177, 0.24024216399999432, 0.231667936000008, 0.26232721000002357, 0.22548535399999992, 0.22783932599998025, 0.23470227900003238, 0.23147059699999772, 0.23276649700000007, 0.22725643799998352], "test": [0.2294189739999979, 0.23637435899996717, 0.24737848699999176, 0.2394977830000471, 0.2235240850000082, 0.2272937779999893, 0.22961383399996294, 0.2307142499999486, 0.23044792700000016, 0.229976889999989], "train-eval": [0.3992912150000052, 0.3911799729999643, 0.39311057499998014, 0.4273377680000294, 0.4027735849999772, 0.38772264499999665, 0.38677820899999915, 0.38750787700001865, 0.3897984870000073, 0.3854630820000011]}, "scorers": {"train": {"Log Loss": [0.1367110788235796, 0.1189896382960836, 0.11059119750844286, 0.09116891230743819, 0.06904901917319094, 0.07920883288060564, 0.07091102370647429, 0.0599416769978853, 0.08017183737144105, 0.102423422052364], "AUC": [0.9970355731225296, 0.9984130919910736, 0.9991537236160892, 0.9999004380724811, 0.9999004380724811, 0.9997510951812028, 0.9998506571087216, 1.0, 0.9999022482893452, 0.9994103194103194], "Accuracy": [0.9659863945578231, 0.9761904761904762, 0.9761904761904762, 0.9863945578231292, 0.9931972789115646, 0.9931972789115646, 0.9965986394557823, 0.9966101694915255, 0.9898648648648649, 0.9898305084745763], "F1": [0.9659863945578231, 0.9761904761904762, 0.9761904761904762, 0.9863945578231292, 0.9931972789115646, 0.9931972789115646, 0.9965986394557823, 0.9966101694915255, 0.9898648648648649, 0.9898305084745763]}, "val": {"Log Loss": [0.2989889035475935, 0.2791396563370677, 0.3125069465058237, 0.4035169275358645, 0.3358855955256873, 0.425981100807689, 0.7072163453484825, 0.6188008337145148, 0.4283129606526878, 0.4018110236754513], "AUC": [0.9423076923076923, 0.9565217391304348, 0.9068322981366459, 0.9161490683229814, 0.9285714285714286, 0.8447204968944099, 0.7360248447204969, 0.745819397993311, 0.8762541806020068, 0.8782051282051282], "Accuracy": [0.8918918918918919, 0.8918918918918919, 0.8918918918918919, 0.7837837837837838, 0.8918918918918919, 0.8378378378378378, 0.7567567567567568, 0.8333333333333334, 0.8611111111111112, 0.8648648648648649], "F1": [0.8918918918918919, 0.8918918918918919, 0.8918918918918919, 0.7837837837837838, 0.8918918918918919, 0.8378378378378378, 0.7567567567567567, 0.8333333333333334, 0.8611111111111112, 0.8648648648648649]}, "test": {"Log Loss": [0.36038537646886093, 0.3092010568556258, 0.26618964360987796, 0.2860758100853122, 0.41926373284788604, 0.28791139439179153, 0.4855291060333178, 0.6989893230887485, 0.5583680331711404, 0.4954159537499133], "AUC": [0.891025641025641, 0.9455128205128205, 0.9565217391304348, 0.937888198757764, 0.9130434782608695, 0.9440993788819877, 0.8354037267080745, 0.7391304347826088, 0.785953177257525, 0.842809364548495], "Accuracy": [0.8918918918918919, 0.8918918918918919, 0.8918918918918919, 0.918918918918919, 0.8378378378378378, 0.8918918918918919, 0.8378378378378378, 0.7837837837837838, 0.8055555555555556, 0.8055555555555556], "F1": [0.8918918918918919, 0.8918918918918919, 0.8918918918918919, 0.918918918918919, 0.8378378378378378, 0.8918918918918919, 0.8378378378378378, 0.7837837837837838, 0.8055555555555556, 0.8055555555555556]}}}