{
    "dataset_name": "openml__colic__25",
    "averages": {
        "train_averages": {
            "Log Loss": 0.13146056132999817,
            "AUC": 0.9979915494796338,
            "Accuracy": 0.982685283000053,
            "F1": 0.982685283000053
        },
        "val_averages": {
            "Log Loss": 0.4147103857666439,
            "AUC": 0.8828653846153847,
            "Accuracy": 0.8257507507507509,
            "F1": 0.8257507507507509
        },
        "test_averages": {
            "Log Loss": 0.4138406334022786,
            "AUC": 0.8783814102564103,
            "Accuracy": 0.8231231231231231,
            "F1": 0.8231231231231231
        }
    }
}