{
    "dataset_name": "openml__credit-g__31",
    "averages": {
        "train_averages": {
            "Log Loss": 0.2979975890405866,
            "AUC": 0.9847172619047619,
            "Accuracy": 0.9133749999999999,
            "F1": 0.9133749999999999
        },
        "val_averages": {
            "Log Loss": 0.5153622354131694,
            "AUC": 0.763,
            "Accuracy": 0.728,
            "F1": 0.7279999999999999
        },
        "test_averages": {
            "Log Loss": 0.5159175135764811,
            "AUC": 0.7650952380952382,
            "Accuracy": 0.7290000000000001,
            "F1": 0.729
        }
    }
}