{"dataset": {"name": "openml__credit-g__31", "cat_idx": [0, 2, 3, 5, 6, 8, 9, 11, 13, 14, 16, 18, 19], "cat_dims": [4, 5, 10, 5, 5, 4, 3, 4, 3, 3, 4, 2, 2], "target_type": "binary", "num_classes": 1, "num_features": 20, "num_instances": 1000, "split_source": "openml"}, "scaler": "Quantile", "model": {"name": "TabPFNModel", "params": {}, "args": {"model_name": "TabPFNModel", "batch_size": 128, "scale_numerical_features": "Quantile", "val_batch_size": 256, "objective": "binary", "gpu_ids": [0], "use_gpu": true, "epochs": 500, "data_parallel": true, "early_stopping_rounds": 20, "dataset": "openml__credit-g__31", "cat_idx": [0, 2, 3, 5, 6, 8, 9, 11, 13, 14, 16, 18, 19], "num_features": 20, "subset_features": -1, "subset_rows": -1, "subset_features_method": "random", "subset_rows_method": "random", "cat_dims": [4, 5, 10, 5, 5, 4, 3, 4, 3, 3, 4, 2, 2], "num_classes": 1, "logging_period": 100}}, "experiemnt_args": {"experiment_config": "tabzilla_experiment_config.yml", "output_dir": "./results/TabPFN/openml__credit-g__31", "write_predictions": false, "use_gpu": true, "gpu_ids": [0], "data_parallel": true, "n_random_trials": 30, "hparam_seed": 0, "n_opt_trials": 1, "batch_size": 128, "val_batch_size": 256, "scale_numerical_features": "Quantile", "early_stopping_rounds": 20, "epochs": 500, "logging_period": 100, "experiment_time_limit": 36000, "trial_time_limit": 7200, "subset_rows": -1, "subset_features": -1, "subset_rows_method": "random", "subset_features_method": "random", "subset_random_seed": 42}, "hparam_source": "sampler_30", "trial_number": 30, "exception": "None", "timers": {"train": [0.0009802019999369804, 0.000988488999951187, 0.0010058789999902729, 0.0010002829999393725, 0.001001727000016217, 0.000992055999972763, 0.000988181000025179, 0.000978668000016114, 0.0009657680000145774, 0.0009798040000532637], "val": [0.6492283700000598, 0.6534335750000082, 0.6521399810000048, 0.6517837530000179, 0.6460084859999142, 0.6440248259999635, 0.6475923969999258, 0.6465079569999261, 0.6497332459999825, 0.6760310550000668], "test": [0.677606022999953, 0.6830657630000587, 0.6534598239999241, 0.6582204899999624, 0.645667063000019, 0.6438891729999341, 0.6433443310000939, 0.6465554149999662, 0.6475912160000235, 0.6504904380000198], "train-eval": [0.9432813829999986, 0.945577682000021, 0.949166052999999, 0.9452817119999963, 0.9630743909999637, 0.9333318449999979, 0.9540241739999828, 0.9619873739999321, 0.9529691339999999, 0.9345582629999853]}, "scorers": {"train": {"Log Loss": [0.30967835686047696, 0.2674534997469956, 0.3068181000940912, 0.27607176898752256, 0.2687422313874159, 0.30028484012631784, 0.3182834583149095, 0.2977418200185998, 0.30820282865536336, 0.326698986214173], "AUC": [0.9808928571428572, 0.9950595238095239, 0.9801041666666668, 0.9902455357142858, 0.9954687500000001, 0.9841071428571428, 0.9780803571428571, 0.9897693452380951, 0.9803422619047619, 0.9731026785714285], "Accuracy": [0.89125, 0.955, 0.89625, 0.9325, 0.945, 0.9025, 0.9075, 0.92125, 0.905, 0.8775], "F1": [0.89125, 0.955, 0.8962499999999999, 0.9325, 0.945, 0.9025, 0.9075, 0.92125, 0.905, 0.8775]}, "val": {"Log Loss": [0.5416379937820939, 0.5399039426746929, 0.5312508389929406, 0.5552837011641408, 0.4714275396140004, 0.5108170783900854, 0.5134613421258624, 0.5471065981320569, 0.4712106436557806, 0.47152267560004063], "AUC": [0.7276190476190476, 0.7514285714285714, 0.7371428571428571, 0.71, 0.8095238095238094, 0.7595238095238096, 0.7757142857142857, 0.7342857142857143, 0.8133333333333334, 0.8114285714285714], "Accuracy": [0.72, 0.73, 0.7, 0.65, 0.77, 0.71, 0.77, 0.72, 0.77, 0.74], "F1": [0.72, 0.7299999999999999, 0.7, 0.65, 0.7699999999999999, 0.7100000000000001, 0.7699999999999999, 0.72, 0.7699999999999999, 0.74]}, "test": {"Log Loss": [0.4468487005296156, 0.5477234483850818, 0.549646489753698, 0.5521884697192662, 0.5203747525256988, 0.49317015561689603, 0.5003132990536837, 0.5038191629822681, 0.5541102444093411, 0.49098041278926025], "AUC": [0.84, 0.73, 0.7447619047619048, 0.7147619047619047, 0.7566666666666666, 0.7890476190476191, 0.7671428571428571, 0.791904761904762, 0.7276190476190476, 0.7890476190476191], "Accuracy": [0.71, 0.72, 0.73, 0.7, 0.68, 0.75, 0.73, 0.76, 0.74, 0.77], "F1": [0.7100000000000001, 0.72, 0.7299999999999999, 0.7, 0.68, 0.75, 0.7299999999999999, 0.76, 0.74, 0.7699999999999999]}}}