{"dataset": {"name": "openml__credit-approval__29", "cat_idx": [0, 3, 4, 5, 6, 8, 9, 11, 12], "cat_dims": [3, 4, 4, 15, 10, 2, 2, 2, 3], "target_type": "binary", "num_classes": 1, "num_features": 15, "num_instances": 690, "split_source": "openml"}, "scaler": "Quantile", "model": {"name": "TabPFNModel", "params": {}, "args": {"model_name": "TabPFNModel", "batch_size": 128, "scale_numerical_features": "Quantile", "val_batch_size": 256, "objective": "binary", "gpu_ids": [0], "use_gpu": true, "epochs": 500, "data_parallel": true, "early_stopping_rounds": 20, "dataset": "openml__credit-approval__29", "cat_idx": [0, 3, 4, 5, 6, 8, 9, 11, 12], "num_features": 15, "subset_features": -1, "subset_rows": -1, "subset_features_method": "random", "subset_rows_method": "random", "cat_dims": [3, 4, 4, 15, 10, 2, 2, 2, 3], "num_classes": 1, "logging_period": 100}}, "experiemnt_args": {"experiment_config": "tabzilla_experiment_config.yml", "output_dir": "./results/TabPFN/openml__credit-approval__29", "write_predictions": false, "use_gpu": true, "gpu_ids": [0], "data_parallel": true, "n_random_trials": 30, "hparam_seed": 0, "n_opt_trials": 1, "batch_size": 128, "val_batch_size": 256, "scale_numerical_features": "Quantile", "early_stopping_rounds": 20, "epochs": 500, "logging_period": 100, "experiment_time_limit": 36000, "trial_time_limit": 7200, "subset_rows": -1, "subset_features": -1, "subset_rows_method": "random", "subset_features_method": "random", "subset_random_seed": 42}, "hparam_source": "sampler_30", "trial_number": 30, "exception": "None", "timers": {"train": [0.0006991779999907521, 0.0007224220000239256, 0.0007358880000083445, 0.0007191699999680168, 0.000734776999991027, 0.0007171089999928881, 0.0007259899999780828, 0.0007526950000169563, 0.0007286439999916183, 0.0007114940000292336], "val": [0.47268898600003695, 0.4500269259999641, 0.45285010399999237, 0.4439092759999994, 0.4408632010000133, 0.44839325800001006, 0.44621205999999347, 0.44071316200000865, 0.4484915230000297, 0.4484657509999579], "test": [0.44925141300001314, 0.447511765999991, 0.446791122000036, 0.4438226400000076, 0.44618211499999916, 0.44435859399999345, 0.44774127400000907, 0.440499066999962, 0.44432736999999634, 0.4666595310000048], "train-eval": [0.6241932759999713, 0.6215747969999939, 0.6237063449999596, 0.6160799770000267, 0.6161498260000258, 0.6229464599999801, 0.6196152100000063, 0.6227156610000293, 0.614632064000034, 0.6197091899999805]}, "scorers": {"train": {"Log Loss": [0.1734103547670905, 0.2018598131872897, 0.1882665304679572, 0.1857813094582096, 0.20142870177652158, 0.1931047514377379, 0.14643108379532027, 0.17473152960152305, 0.20874968589155277, 0.1789574435829769], "AUC": [0.9858365965354748, 0.9786818875688591, 0.9802858812901855, 0.9814132819251479, 0.9794322940902745, 0.9806820448048926, 0.9896297281127434, 0.9839659642358572, 0.9770790400850895, 0.9847760242308305], "Accuracy": [0.9311594202898551, 0.927536231884058, 0.9293478260869565, 0.927536231884058, 0.9184782608695652, 0.927536231884058, 0.9420289855072463, 0.9293478260869565, 0.927536231884058, 0.9347826086956522], "F1": [0.9311594202898551, 0.927536231884058, 0.9293478260869565, 0.927536231884058, 0.9184782608695652, 0.927536231884058, 0.9420289855072463, 0.9293478260869565, 0.927536231884058, 0.9347826086956522]}, "val": {"Log Loss": [0.30498637150680585, 0.2940913862209869, 0.5019889466768626, 0.21237498239087343, 0.2755296124668702, 0.3519901519035607, 0.5496992404310618, 0.23934572932880552, 0.2361929639044234, 0.318120069018854], "AUC": [0.9324786324786325, 0.9478632478632478, 0.868421052631579, 0.966893039049236, 0.9601018675721562, 0.933786078098472, 0.865025466893039, 0.966044142614601, 0.9728353140916809, 0.9427350427350427], "Accuracy": [0.8985507246376812, 0.8840579710144928, 0.782608695652174, 0.9130434782608695, 0.9130434782608695, 0.855072463768116, 0.8260869565217391, 0.927536231884058, 0.8840579710144928, 0.8985507246376812], "F1": [0.8985507246376812, 0.8840579710144928, 0.782608695652174, 0.9130434782608695, 0.9130434782608695, 0.855072463768116, 0.8260869565217391, 0.927536231884058, 0.8840579710144928, 0.8985507246376812]}, "test": {"Log Loss": [0.3303763166119434, 0.2916592258132863, 0.30531295287813687, 0.49130818201566373, 0.212054313855707, 0.2767815940283317, 0.38067971444053267, 0.502841747889188, 0.23940848482079952, 0.240678773483374], "AUC": [0.9316239316239315, 0.941025641025641, 0.9504273504273504, 0.8692699490662139, 0.9668930390492361, 0.9584040747028861, 0.9252971137521222, 0.8752122241086587, 0.9634974533106961, 0.9711375212224109], "Accuracy": [0.8985507246376812, 0.9130434782608695, 0.8695652173913043, 0.7971014492753623, 0.9710144927536232, 0.8985507246376812, 0.8405797101449275, 0.8405797101449275, 0.927536231884058, 0.8840579710144928], "F1": [0.8985507246376812, 0.9130434782608695, 0.8695652173913043, 0.7971014492753623, 0.9710144927536232, 0.8985507246376812, 0.8405797101449275, 0.8405797101449275, 0.927536231884058, 0.8840579710144928]}}}