{
    "dataset_name": "openml__credit-approval__29",
    "averages": {
        "train_averages": {
            "Log Loss": 0.18527212039661795,
            "AUC": 0.9821782742879355,
            "Accuracy": 0.9295289855072465,
            "F1": 0.9295289855072465
        },
        "val_averages": {
            "Log Loss": 0.32843194538491044,
            "AUC": 0.9356183884027688,
            "Accuracy": 0.8782608695652174,
            "F1": 0.8782608695652174
        },
        "test_averages": {
            "Log Loss": 0.32711013058369637,
            "AUC": 0.9352788298289149,
            "Accuracy": 0.8840579710144928,
            "F1": 0.8840579710144928
        }
    }
}