{
    "dataset_name": "openml__heart-h__50",
    "averages": {
        "train_averages": {
            "Log Loss": 0.1987797492823423,
            "AUC": 0.9793432153394239,
            "Accuracy": 0.9247666756051178,
            "F1": 0.9247666756051178
        },
        "val_averages": {
            "Log Loss": 0.4293223787770305,
            "AUC": 0.8818447634237108,
            "Accuracy": 0.8164367816091955,
            "F1": 0.8164367816091955
        },
        "test_averages": {
            "Log Loss": 0.43138222050137215,
            "AUC": 0.8818500797448167,
            "Accuracy": 0.836896551724138,
            "F1": 0.836896551724138
        }
    }
}