{"dataset": {"name": "openml__heart-h__50", "cat_idx": [1, 2, 5, 6, 8, 10, 12], "cat_dims": [2, 4, 3, 4, 3, 4, 4], "target_type": "binary", "num_classes": 1, "num_features": 13, "num_instances": 294, "split_source": "openml"}, "scaler": "Quantile", "model": {"name": "TabPFNModel", "params": {}, "args": {"model_name": "TabPFNModel", "batch_size": 128, "scale_numerical_features": "Quantile", "val_batch_size": 256, "objective": "binary", "gpu_ids": [0], "use_gpu": true, "epochs": 500, "data_parallel": true, "early_stopping_rounds": 20, "dataset": "openml__heart-h__50", "cat_idx": [1, 2, 5, 6, 8, 10, 12], "num_features": 13, "subset_features": -1, "subset_rows": -1, "subset_features_method": "random", "subset_rows_method": "random", "cat_dims": [2, 4, 3, 4, 3, 4, 4], "num_classes": 1, "logging_period": 100}}, "experiemnt_args": {"experiment_config": "tabzilla_experiment_config.yml", "output_dir": "./results/TabPFN/openml__heart-h__50", "write_predictions": false, "use_gpu": true, "gpu_ids": [0], "data_parallel": true, "n_random_trials": 30, "hparam_seed": 0, "n_opt_trials": 1, "batch_size": 128, "val_batch_size": 256, "scale_numerical_features": "Quantile", "early_stopping_rounds": 20, "epochs": 500, "logging_period": 100, "experiment_time_limit": 36000, "trial_time_limit": 7200, "subset_rows": -1, "subset_features": -1, "subset_rows_method": "random", "subset_features_method": "random", "subset_random_seed": 42}, "hparam_source": "sampler_30", "trial_number": 30, "exception": "None", "timers": {"train": [0.00047547299999450843, 0.0004778949999888482, 0.0004894690000014634, 0.0005069489999982579, 0.00047998299999107985, 0.00048557100001289655, 0.0004749789999891618, 0.0004883830000039779, 0.0005321900000012647, 0.00048655599999847254], "val": [0.15152198100000192, 0.1492754580000053, 0.15068490199999474, 0.14880304100000785, 0.1547639810000021, 0.1493858310000178, 0.15046357099998886, 0.15111995300000558, 0.1510699709999983, 0.15078478700002051], "test": [0.15757510099999195, 0.15028371400001106, 0.14588148299998238, 0.14800053500002264, 0.1487718529999995, 0.15144001100000537, 0.1471765980000157, 0.15964813600001548, 0.1511537780000083, 0.14812412699998845], "train-eval": [0.2892828159999965, 0.28867332499999065, 0.2846714770000176, 0.2952586030000077, 0.3049049329999889, 0.289268332000006, 0.2878904620000071, 0.2879214769999976, 0.31053499300000453, 0.28711070800000016]}, "scorers": {"train": {"Log Loss": [0.14539678581182833, 0.21532415926950302, 0.22438654407629077, 0.2470271630709152, 0.2530408669681547, 0.23521987713289647, 0.22204285924405828, 0.16088761116370967, 0.1500835019719587, 0.13438812411410814], "AUC": [0.9956349206349207, 0.9768253968253968, 0.9703968253968254, 0.9631372549019608, 0.9632558139534885, 0.9689922480620156, 0.9729457364341086, 0.9915075964160498, 0.9940476190476191, 0.9966887417218543], "Accuracy": [0.9529914529914529, 0.9230769230769231, 0.9230769230769231, 0.8936170212765957, 0.8813559322033898, 0.9152542372881356, 0.9194915254237288, 0.940677966101695, 0.940677966101695, 0.9574468085106383], "F1": [0.9529914529914529, 0.9230769230769231, 0.9230769230769231, 0.8936170212765957, 0.8813559322033898, 0.9152542372881356, 0.9194915254237288, 0.940677966101695, 0.940677966101695, 0.9574468085106385]}, "val": {"Log Loss": [0.3593158675194235, 0.4314164735432169, 0.43759320821659, 0.21303904110817865, 0.3839171417813763, 0.45834460750608064, 0.4169474960377922, 0.4342227022274482, 0.5726902245494409, 0.5857370252807574], "AUC": [0.9234449760765551, 0.8803827751196172, 0.8947368421052632, 0.9842105263157894, 0.9052631578947369, 0.8210526315789474, 0.868421052631579, 0.9141414141414141, 0.8181818181818181, 0.8086124401913876], "Accuracy": [0.8666666666666667, 0.8, 0.8, 0.896551724137931, 0.8275862068965517, 0.8275862068965517, 0.8275862068965517, 0.7586206896551724, 0.7931034482758621, 0.7666666666666667], "F1": [0.8666666666666667, 0.8000000000000002, 0.8000000000000002, 0.896551724137931, 0.8275862068965517, 0.8275862068965517, 0.8275862068965517, 0.7586206896551724, 0.7931034482758621, 0.7666666666666667]}, "test": {"Log Loss": [0.5728188012708063, 0.380332066905804, 0.43728749425638197, 0.4186306026901268, 0.2167044574361278, 0.39701170144417897, 0.43645983347603184, 0.42479751388661424, 0.4836224111748505, 0.5461573224727987], "AUC": [0.8086124401913876, 0.9186602870813396, 0.8660287081339713, 0.9090909090909092, 0.9842105263157894, 0.8894736842105263, 0.8421052631578948, 0.8578947368421053, 0.898989898989899, 0.8434343434343434], "Accuracy": [0.7666666666666667, 0.8333333333333334, 0.8333333333333334, 0.8666666666666667, 0.9310344827586207, 0.8275862068965517, 0.8620689655172413, 0.8275862068965517, 0.7931034482758621, 0.8275862068965517], "F1": [0.7666666666666667, 0.8333333333333334, 0.8333333333333334, 0.8666666666666667, 0.9310344827586207, 0.8275862068965517, 0.8620689655172413, 0.8275862068965517, 0.7931034482758621, 0.8275862068965517]}}}