{
    "dataset_name": "openml__kc1__3917",
    "averages": {
        "train_averages": {
            "Log Loss": 0.27632997610865295,
            "AUC": 0.8996093577157996,
            "Accuracy": 0.8797416893051689,
            "F1": 0.8797416893051689
        },
        "val_averages": {
            "Log Loss": 0.3391706588275513,
            "AUC": 0.8296619875152883,
            "Accuracy": 0.8596434213495824,
            "F1": 0.8596434213495824
        },
        "test_averages": {
            "Log Loss": 0.3401500047512388,
            "AUC": 0.8277986131717654,
            "Accuracy": 0.862013089596028,
            "F1": 0.862013089596028
        }
    }
}