{
    "dataset_name": "openml__lymph__10",
    "averages": {
        "train_averages": {
            "Log Loss": 0.09990852283240065,
            "AUC": 0.9999475078492936,
            "Accuracy": 0.988163960499454,
            "F1": 0.9881500291581548
        },
        "val_averages": {
            "Log Loss": 0.5461464014618139,
            "AUC": 0.897800925925926,
            "Accuracy": 0.830952380952381,
            "F1": 0.8240150089561855
        },
        "test_averages": {
            "Log Loss": 0.5481278894987747,
            "AUC": 0.9086805555555557,
            "Accuracy": 0.8100000000000002,
            "F1": 0.802196583373054
        }
    }
}