{"dataset": {"name": "openml__lymph__10", "cat_idx": [0, 1, 2, 3, 4, 5, 6, 7, 10, 11, 12, 13, 14, 15, 16], "cat_dims": [4, 2, 2, 2, 2, 2, 2, 2, 3, 4, 4, 8, 3, 2, 2], "target_type": "classification", "num_classes": 4, "num_features": 18, "num_instances": 148, "split_source": "openml"}, "scaler": "Quantile", "model": {"name": "TabPFNModel", "params": {}, "args": {"model_name": "TabPFNModel", "batch_size": 128, "scale_numerical_features": "Quantile", "val_batch_size": 256, "objective": "classification", "gpu_ids": [0], "use_gpu": true, "epochs": 500, "data_parallel": true, "early_stopping_rounds": 20, "dataset": "openml__lymph__10", "cat_idx": [0, 1, 2, 3, 4, 5, 6, 7, 10, 11, 12, 13, 14, 15, 16], "num_features": 18, "subset_features": -1, "subset_rows": -1, "subset_features_method": "random", "subset_rows_method": "random", "cat_dims": [4, 2, 2, 2, 2, 2, 2, 2, 3, 4, 4, 8, 3, 2, 2], "num_classes": 4, "logging_period": 100}}, "experiemnt_args": {"experiment_config": "tabzilla_experiment_config.yml", "output_dir": "./results/TabPFN/openml__lymph__10", "write_predictions": false, "use_gpu": true, "gpu_ids": [0], "data_parallel": true, "n_random_trials": 30, "hparam_seed": 0, "n_opt_trials": 1, "batch_size": 128, "val_batch_size": 256, "scale_numerical_features": "Quantile", "early_stopping_rounds": 20, "epochs": 500, "logging_period": 100, "experiment_time_limit": 36000, "trial_time_limit": 7200, "subset_rows": -1, "subset_features": -1, "subset_rows_method": "random", "subset_features_method": "random", "subset_random_seed": 42}, "hparam_source": "sampler_30", "trial_number": 30, "exception": "None", "timers": {"train": [0.00044878700001049765, 0.00046439700000178163, 0.0004624560000081601, 0.0004570700000101624, 0.00047207400001525457, 0.0004612900000040554, 0.0004662200000211669, 0.00046471999999653235, 0.0004535529999998289, 0.0004591439999899194], "val": [0.12212800399998969, 0.12104489399999352, 0.12342965300001651, 0.12425655999999208, 0.12168865999998957, 0.12125728799998114, 0.12329140500000335, 0.12362894899999333, 0.12213607699999329, 0.12329547600000978], "test": [0.12161354899998855, 0.12112727600000994, 0.12250958799998557, 0.13151279000001637, 0.1219587880000006, 0.12140763400000765, 0.1238449399999979, 0.1233393699999965, 0.12120939899998007, 0.12273428199998193], "train-eval": [0.14320367100000908, 0.14078966400001036, 0.14400826800002164, 0.14516703500001427, 0.14151295599998548, 0.14084114100000988, 0.14439264000000662, 0.14339041499999894, 0.1440588340000204, 0.14291613599999664]}, "scorers": {"train": {"Log Loss": [0.08953905601821249, 0.1095310581936605, 0.11332341080404426, 0.10708460569738987, 0.11406841857460195, 0.11664756401446252, 0.107931766509402, 0.0727161754157579, 0.08310380084089863, 0.0851393722555763], "AUC": [0.9999468537414966, 0.9999476713762429, 0.9997906855049713, 1.0, 1.0, 1.0, 0.9998953427524856, 0.9999476713762429, 1.0, 0.9999468537414966], "Accuracy": [0.9915254237288136, 0.9915254237288136, 0.9661016949152542, 0.9915254237288136, 0.9915254237288136, 0.9915254237288136, 0.9830508474576272, 0.9915966386554622, 0.9916666666666667, 0.9915966386554622], "F1": [0.9915145875408219, 0.991514086056931, 0.9661016949152542, 0.991514086056931, 0.991513166406766, 0.991513166406766, 0.9830026964560863, 0.9915853962581334, 0.9916555179559822, 0.9915858935278739]}, "val": {"Log Loss": [0.30046052918777416, 0.3018337790283694, 0.5150996331693483, 0.5323364378416376, 0.15208536962668232, 0.43442410058875575, 1.5398721318916821, 0.7590529511263675, 0.336158830531269, 0.5901402516262533], "AUC": [0.9791666666666666, 0.9791666666666666, 0.9548611111111112, 0.8819444444444443, 1.0, 0.9444444444444445, 0.7083333333333334, 0.75, 0.9375, 0.8425925925925926], "Accuracy": [0.8, 0.9333333333333333, 0.8, 0.8666666666666667, 1.0, 0.8666666666666667, 0.7333333333333333, 0.7142857142857143, 0.9285714285714286, 0.6666666666666666], "F1": [0.801025641025641, 0.9322638146167558, 0.7967914438502675, 0.8607407407407408, 1.0, 0.8406349206349206, 0.7076923076923076, 0.7142857142857143, 0.928937728937729, 0.6577777777777777]}, "test": {"Log Loss": [0.5444098933970304, 0.3348681232077237, 0.3434310165529568, 0.43872108544496174, 0.5623656469614573, 0.16039201873803396, 1.2654298653736964, 0.8425982997050573, 0.5723215377859042, 0.4167414078209242], "AUC": [0.8611111111111112, 0.9722222222222223, 0.9791666666666666, 0.9791666666666666, 0.9097222222222223, 1.0, 0.7777777777777778, 0.888888888888889, 0.8125, 0.90625], "Accuracy": [0.6666666666666666, 0.8, 0.8666666666666667, 0.8, 0.8666666666666667, 1.0, 0.8666666666666667, 0.7333333333333333, 0.7142857142857143, 0.7857142857142857], "F1": [0.6577777777777777, 0.801025641025641, 0.8607407407407408, 0.7967914438502675, 0.8607407407407408, 1.0, 0.8406349206349206, 0.7076923076923076, 0.7142857142857143, 0.7822765469824294]}}}