{
    "dataset_name": "openml__mfeat-zernike__22",
    "averages": {
        "train_averages": {
            "Log Loss": 0.12336297674833352,
            "AUC": 0.9967479817708333,
            "Accuracy": 0.9427499999999999,
            "F1": 0.9401325525915991
        },
        "val_averages": {
            "Log Loss": 0.3014173745151051,
            "AUC": 0.9814611111111112,
            "Accuracy": 0.8295,
            "F1": 0.8228631502545743
        },
        "test_averages": {
            "Log Loss": 0.3024081440290436,
            "AUC": 0.9813888888888889,
            "Accuracy": 0.8275,
            "F1": 0.8181127408937817
        }
    }
}