{
    "dataset_name": "openml__mfeat-fourier__14",
    "averages": {
        "train_averages": {
            "Log Loss": 0.1561482239188106,
            "AUC": 0.9996212673611111,
            "Accuracy": 0.977875,
            "F1": 0.977851642660754
        },
        "val_averages": {
            "Log Loss": 0.42407674979017057,
            "AUC": 0.9823555555555558,
            "Accuracy": 0.8160000000000001,
            "F1": 0.8140472325749191
        },
        "test_averages": {
            "Log Loss": 0.4230520173112245,
            "AUC": 0.9824416666666668,
            "Accuracy": 0.8275,
            "F1": 0.8259940188338126
        }
    }
}