{"dataset": {"name": "openml__monks-problems-2__146065", "cat_idx": [0, 1, 2, 3, 4, 5], "cat_dims": [3, 3, 2, 3, 4, 2], "target_type": "binary", "num_classes": 1, "num_features": 6, "num_instances": 601, "split_source": "openml"}, "scaler": "Quantile", "model": {"name": "TabPFNModel", "params": {}, "args": {"model_name": "TabPFNModel", "batch_size": 128, "scale_numerical_features": "Quantile", "val_batch_size": 256, "objective": "binary", "gpu_ids": [0], "use_gpu": true, "epochs": 500, "data_parallel": true, "early_stopping_rounds": 20, "dataset": "openml__monks-problems-2__146065", "cat_idx": [0, 1, 2, 3, 4, 5], "num_features": 6, "subset_features": -1, "subset_rows": -1, "subset_features_method": "random", "subset_rows_method": "random", "cat_dims": [3, 3, 2, 3, 4, 2], "num_classes": 1, "logging_period": 100}}, "experiemnt_args": {"experiment_config": "tabzilla_experiment_config.yml", "output_dir": "./results/TabPFN/openml__monks-problems-2__146065", "write_predictions": false, "use_gpu": true, "gpu_ids": [0], "data_parallel": true, "n_random_trials": 30, "hparam_seed": 0, "n_opt_trials": 1, "batch_size": 128, "val_batch_size": 256, "scale_numerical_features": "Quantile", "early_stopping_rounds": 20, "epochs": 500, "logging_period": 100, "experiment_time_limit": 36000, "trial_time_limit": 7200, "subset_rows": -1, "subset_features": -1, "subset_rows_method": "random", "subset_features_method": "random", "subset_random_seed": 42}, "hparam_source": "sampler_30", "trial_number": 30, "exception": "None", "timers": {"train": [0.00048251399999799105, 0.0004916199999911441, 0.0004977119999693969, 0.0005347660000438736, 0.0005222679999974389, 0.0005128400000558031, 0.0005008340000358658, 0.0005023109999910957, 0.0005205869999826973, 0.0005202880000183541], "val": [0.27905482799997117, 0.28235348000004024, 0.2811316930000203, 0.29108176400001184, 0.2804015240000126, 0.2772955119999665, 0.27543139700003394, 0.2796149110000101, 0.276201637999975, 0.2785599999999704], "test": [0.2824704099999735, 0.2825715070000001, 0.27861710599995604, 0.2784499840000194, 0.2796961900000383, 0.2788974670000357, 0.29254196199997295, 0.2817380100000264, 0.27925890899996375, 0.276483982000002], "train-eval": [0.3921054229999754, 0.3924531579999666, 0.39221116000004486, 0.40071505200000956, 0.3861088470000027, 0.39039701100000457, 0.3915607700000123, 0.3875047489999588, 0.3900719960000174, 0.3870558669999582]}, "scorers": {"train": {"Log Loss": [0.0007274622742369503, 0.0013210146390976345, 0.0008215110160277063, 0.0006846200360066263, 0.0015875581898341824, 0.0010547399370291167, 0.0010547905222658728, 0.000928702927188504, 0.0010110615769699839, 0.000875562601607848], "AUC": [1.0, 1.0, 1.0, 1.0, 1.0, 1.0, 1.0, 1.0, 1.0, 1.0], "Accuracy": [1.0, 1.0, 1.0, 1.0, 1.0, 1.0, 1.0, 1.0, 1.0, 1.0], "F1": [1.0, 1.0, 1.0, 1.0, 1.0, 1.0, 1.0, 1.0, 1.0, 1.0]}, "val": {"Log Loss": [0.007157112678286243, 0.018826300086523275, 0.011677441014586596, 0.006473552960576913, 0.018468999777705174, 0.012767540974401699, 0.0021938471632404056, 0.005564558059613667, 0.004424305905611076, 0.0023123451594859166], "AUC": [1.0, 1.0, 1.0, 1.0, 1.0, 1.0, 1.0, 1.0, 1.0, 1.0], "Accuracy": [1.0, 1.0, 1.0, 1.0, 1.0, 1.0, 1.0, 1.0, 1.0, 1.0], "F1": [1.0, 1.0, 1.0, 1.0, 1.0, 1.0, 1.0, 1.0, 1.0, 1.0]}, "test": {"Log Loss": [0.001994149836827562, 0.02023359469403139, 0.01201282821167665, 0.010037427348853526, 0.017601774413770182, 0.004996380467334041, 0.012608742500832522, 0.0035053643154200893, 0.0076773745242619965, 0.0013401506986809718], "AUC": [1.0, 1.0, 1.0, 1.0, 1.0, 1.0, 1.0, 1.0, 1.0, 1.0], "Accuracy": [1.0, 1.0, 1.0, 1.0, 1.0, 1.0, 1.0, 1.0, 1.0, 1.0], "F1": [1.0, 1.0, 1.0, 1.0, 1.0, 1.0, 1.0, 1.0, 1.0, 1.0]}}}