{"dataset": {"name": "openml__profb__3561", "cat_idx": [3, 4, 7, 8], "cat_dims": [28, 28, 5, 2], "target_type": "binary", "num_classes": 1, "num_features": 9, "num_instances": 672, "split_source": "openml"}, "scaler": "Quantile", "model": {"name": "TabPFNModel", "params": {}, "args": {"model_name": "TabPFNModel", "batch_size": 128, "scale_numerical_features": "Quantile", "val_batch_size": 256, "objective": "binary", "gpu_ids": [0], "use_gpu": true, "epochs": 500, "data_parallel": true, "early_stopping_rounds": 20, "dataset": "openml__profb__3561", "cat_idx": [3, 4, 7, 8], "num_features": 9, "subset_features": -1, "subset_rows": -1, "subset_features_method": "random", "subset_rows_method": "random", "cat_dims": [28, 28, 5, 2], "num_classes": 1, "logging_period": 100}}, "experiemnt_args": {"experiment_config": "tabzilla_experiment_config.yml", "output_dir": "./results/TabPFN/openml__profb__3561", "write_predictions": false, "use_gpu": true, "gpu_ids": [0], "data_parallel": true, "n_random_trials": 30, "hparam_seed": 0, "n_opt_trials": 1, "batch_size": 128, "val_batch_size": 256, "scale_numerical_features": "Quantile", "early_stopping_rounds": 20, "epochs": 500, "logging_period": 100, "experiment_time_limit": 36000, "trial_time_limit": 7200, "subset_rows": -1, "subset_features": -1, "subset_rows_method": "random", "subset_features_method": "random", "subset_random_seed": 42}, "hparam_source": "sampler_30", "trial_number": 30, "exception": "None", "timers": {"train": [0.0005222019999564509, 0.0005706570000256761, 0.0005591959999833307, 0.000557536999963304, 0.0005745500000102766, 0.000563456000008955, 0.0005591309999886107, 0.0005543319999787855, 0.000567171000000144, 0.0005642170000328406], "val": [0.40755969299999606, 0.4037732310000024, 0.40717098700002907, 0.4081044470000279, 0.4079954729999713, 0.4324157000000355, 0.4044945889999667, 0.41381753899997875, 0.408034745000009, 0.40714787999996815], "test": [0.4040415810000013, 0.41140429300003234, 0.40813850300003196, 0.40614111200000025, 0.42175502700001744, 0.43054543300002024, 0.4038149859999862, 0.40326134600002206, 0.40725640400000884, 0.40292266000000154], "train-eval": [0.5722354970000083, 0.5745412890000239, 0.577728675000003, 0.6006524299999683, 0.578911719999951, 0.5823839220000195, 0.5755751829999554, 0.5742074559999537, 0.5776958650000097, 0.5726146659999927]}, "scorers": {"train": {"Log Loss": [0.5061733159465197, 0.5171849649633459, 0.5460189161570809, 0.5187532687436317, 0.49629040730673557, 0.5220422451298422, 0.5004759705909675, 0.5164182606005919, 0.5239257517795802, 0.5256651066033792], "AUC": [0.832621932082104, 0.8121157267251334, 0.7610180012414649, 0.8101024208566109, 0.8558193668528865, 0.8051675977653631, 0.851738050900062, 0.8255862809480089, 0.7941323345817728, 0.8006009201589935], "Accuracy": [0.7555970149253731, 0.7430167597765364, 0.724907063197026, 0.7490706319702602, 0.7602230483271375, 0.7434944237918215, 0.758364312267658, 0.7379182156133829, 0.7527881040892194, 0.7392923649906891], "F1": [0.755597014925373, 0.7430167597765364, 0.724907063197026, 0.7490706319702602, 0.7602230483271374, 0.7434944237918214, 0.758364312267658, 0.7379182156133829, 0.7527881040892194, 0.7392923649906891]}, "val": {"Log Loss": [0.6310226463937083, 0.6140986000617684, 0.5991983139611574, 0.636019583281778, 0.5715510161248245, 0.6232171598248535, 0.5739989345518298, 0.584982960316458, 0.6204027472305365, 0.5880695050420643], "AUC": [0.6106280193236715, 0.6393939393939394, 0.6919191919191919, 0.6303030303030303, 0.7111111111111111, 0.6131313131313131, 0.7464646464646465, 0.6907114624505929, 0.6511857707509882, 0.6792270531400966], "Accuracy": [0.6911764705882353, 0.7014925373134329, 0.6716417910447762, 0.6865671641791045, 0.7313432835820896, 0.6417910447761194, 0.7164179104477612, 0.6716417910447762, 0.6567164179104478, 0.6764705882352942], "F1": [0.6911764705882353, 0.7014925373134329, 0.6716417910447762, 0.6865671641791045, 0.7313432835820896, 0.6417910447761194, 0.7164179104477613, 0.6716417910447762, 0.6567164179104478, 0.6764705882352942]}, "test": {"Log Loss": [0.5942007423171188, 0.6218629744300488, 0.6178558326969655, 0.6159859350784255, 0.6208201691495927, 0.5641154062473857, 0.61294346168644, 0.5801565263669606, 0.5928279472653901, 0.6082697334685594], "AUC": [0.6657004830917874, 0.6338164251207731, 0.6272727272727272, 0.6555555555555556, 0.6353535353535353, 0.7212121212121212, 0.6171717171717171, 0.718181818181818, 0.6768774703557312, 0.66600790513834], "Accuracy": [0.6470588235294118, 0.6911764705882353, 0.6716417910447762, 0.6865671641791045, 0.6865671641791045, 0.7313432835820896, 0.6716417910447762, 0.7313432835820896, 0.6716417910447762, 0.7164179104477612], "F1": [0.6470588235294118, 0.6911764705882353, 0.6716417910447762, 0.6865671641791045, 0.6865671641791045, 0.7313432835820896, 0.6716417910447762, 0.7313432835820896, 0.6716417910447762, 0.7164179104477613]}}}