{
    "dataset_name": "openml__profb__3561",
    "averages": {
        "train_averages": {
            "Log Loss": 0.5172948207821675,
            "AUC": 0.8148902632112401,
            "Accuracy": 0.7464671938949105,
            "F1": 0.7464671938949105
        },
        "val_averages": {
            "Log Loss": 0.6042561466788979,
            "AUC": 0.6664075537988582,
            "Accuracy": 0.6845258999122039,
            "F1": 0.6845258999122039
        },
        "test_averages": {
            "Log Loss": 0.6029038728706888,
            "AUC": 0.6617149758454106,
            "Accuracy": 0.6905399473222125,
            "F1": 0.6905399473222125
        }
    }
}