{
    "dataset_name": "openml__qsar-biodeg__9957",
    "averages": {
        "train_averages": {
            "Log Loss": 0.06238769988754569,
            "AUC": 0.9995421479586565,
            "Accuracy": 0.9939595861178393,
            "F1": 0.9939595861178393
        },
        "val_averages": {
            "Log Loss": 0.2911590577933413,
            "AUC": 0.9464530546518123,
            "Accuracy": 0.8900628930817611,
            "F1": 0.8900628930817611
        },
        "test_averages": {
            "Log Loss": 0.2945932704931808,
            "AUC": 0.9464831082191332,
            "Accuracy": 0.8853279424977538,
            "F1": 0.8853279424977538
        }
    }
}