{"dataset": {"name": "openml__socmob__3797", "cat_idx": [0, 1, 2, 3], "cat_dims": [17, 17, 2, 2], "target_type": "binary", "num_classes": 1, "num_features": 5, "num_instances": 1156, "split_source": "openml"}, "scaler": "Quantile", "model": {"name": "TabPFNModel", "params": {}, "args": {"model_name": "TabPFNModel", "batch_size": 128, "scale_numerical_features": "Quantile", "val_batch_size": 256, "objective": "binary", "gpu_ids": [0], "use_gpu": true, "epochs": 500, "data_parallel": true, "early_stopping_rounds": 20, "dataset": "openml__socmob__3797", "cat_idx": [0, 1, 2, 3], "num_features": 5, "subset_features": -1, "subset_rows": -1, "subset_features_method": "random", "subset_rows_method": "random", "cat_dims": [17, 17, 2, 2], "num_classes": 1, "logging_period": 100}}, "experiemnt_args": {"experiment_config": "tabzilla_experiment_config.yml", "output_dir": "./results/TabPFN/openml__socmob__3797", "write_predictions": false, "use_gpu": true, "gpu_ids": [0], "data_parallel": true, "n_random_trials": 30, "hparam_seed": 0, "n_opt_trials": 1, "batch_size": 128, "val_batch_size": 256, "scale_numerical_features": "Quantile", "early_stopping_rounds": 20, "epochs": 500, "logging_period": 100, "experiment_time_limit": 36000, "trial_time_limit": 7200, "subset_rows": -1, "subset_features": -1, "subset_rows_method": "random", "subset_features_method": "random", "subset_random_seed": 42}, "hparam_source": "sampler_30", "trial_number": 30, "exception": "None", "timers": {"train": [0.0006039479999913056, 0.0006087360000037734, 0.0005776419999961036, 0.0006513640000207488, 0.000582774999998037, 0.0006032200000163357, 0.0005840939999757211, 0.0005875290000290079, 0.000573492000000897, 0.0006057119999809402], "val": [0.46067200199996705, 0.45868367700001045, 0.4605844270000148, 0.4693909329999997, 0.7404530070000419, 0.4572495059999824, 0.4610788709999838, 0.45542607200002294, 0.45362820899998724, 0.45471104500001047], "test": [0.452664494999965, 0.446896100999993, 0.44529364999999643, 0.44693986999999424, 0.4450582270000041, 0.44755747200002816, 0.44904784300001666, 0.4482770039999764, 0.4454090969999811, 0.44679920200002243], "train-eval": [0.6724684389999993, 0.6782794490000015, 0.673454568000011, 0.6687314699999547, 0.673558700000001, 0.6764128059999734, 0.6747609140000463, 0.6721807140000351, 0.6718364750000205, 0.6749135770000407]}, "scorers": {"train": {"Log Loss": [0.10863269332735843, 0.1006270029614428, 0.10182194942835802, 0.09911814391319769, 0.10047408380634926, 0.113288299598078, 0.11631786301211038, 0.11597135578474696, 0.11768530059307826, 0.11011876333117222], "AUC": [0.9896786492374727, 0.9914351851851853, 0.9913671023965142, 0.9916666666666666, 0.9912105119825709, 0.9884756097560976, 0.9881135382955771, 0.9881944444444445, 0.9877359762675297, 0.9890785907859079], "Accuracy": [0.9534632034632035, 0.9545454545454546, 0.95995670995671, 0.9588744588744589, 0.9577922077922078, 0.9578378378378378, 0.9546436285097192, 0.9524838012958964, 0.9535637149028078, 0.9589189189189189], "F1": [0.9534632034632035, 0.9545454545454546, 0.95995670995671, 0.9588744588744589, 0.9577922077922078, 0.9578378378378378, 0.9546436285097192, 0.9524838012958964, 0.9535637149028078, 0.9589189189189189]}, "val": {"Log Loss": [0.23563999681016942, 0.16241159338562527, 0.12744772321171424, 0.2958486053990088, 0.11653547942380287, 0.12457360910167366, 0.12017925548257058, 0.13726085772954358, 0.17136710060411775, 0.1291136416147597], "AUC": [0.9641025641025641, 0.9782051282051282, 0.9854700854700855, 0.9504273504273504, 0.9876068376068377, 0.9862222222222222, 0.9875555555555555, 0.9826666666666667, 0.9742222222222222, 0.985897435897436], "Accuracy": [0.9051724137931034, 0.9310344827586207, 0.9310344827586207, 0.9224137931034483, 0.9396551724137931, 0.9565217391304348, 0.9478260869565217, 0.9391304347826087, 0.9217391304347826, 0.9396551724137931], "F1": [0.9051724137931035, 0.9310344827586207, 0.9310344827586207, 0.9224137931034483, 0.9396551724137931, 0.9565217391304348, 0.9478260869565217, 0.9391304347826087, 0.9217391304347826, 0.9396551724137931]}, "test": {"Log Loss": [0.12710814698115844, 0.228397507333816, 0.16227568914397808, 0.13548719543905485, 0.29144527621785526, 0.11713700764077241, 0.1288974721136677, 0.13514894855061613, 0.1293289357396177, 0.17022464943586074], "AUC": [0.9876068376068375, 0.9658119658119658, 0.9794871794871796, 0.9833333333333334, 0.9521367521367521, 0.9893162393162394, 0.9853333333333334, 0.984, 0.9853333333333334, 0.9724444444444444], "Accuracy": [0.9396551724137931, 0.896551724137931, 0.9310344827586207, 0.9310344827586207, 0.9224137931034483, 0.9396551724137931, 0.9565217391304348, 0.9391304347826087, 0.9478260869565217, 0.9304347826086956], "F1": [0.9396551724137931, 0.896551724137931, 0.9310344827586207, 0.9310344827586207, 0.9224137931034483, 0.9396551724137931, 0.9565217391304348, 0.9391304347826087, 0.9478260869565217, 0.9304347826086956]}}}