{
    "dataset_name": "openml__vehicle__53",
    "averages": {
        "train_averages": {
            "Log Loss": 0.08162120249107452,
            "AUC": 1.0,
            "Accuracy": 0.9988176592914038,
            "F1": 0.9988176117323789
        },
        "val_averages": {
            "Log Loss": 0.29633012731115793,
            "AUC": 0.9665603572998481,
            "Accuracy": 0.8368767507002801,
            "F1": 0.8355466228479983
        },
        "test_averages": {
            "Log Loss": 0.295613476072873,
            "AUC": 0.9685147172420754,
            "Accuracy": 0.8474929971988795,
            "F1": 0.8453910432038325
        }
    }
}