{
    "dataset_name": "openml__ada_agnostic__3896",
    "averages": {
        "train_averages": {
            "Log Loss": 0.23419676541790185,
            "AUC": 0.9685882126730286,
            "Accuracy": 0.9157000000000002,
            "F1": 0.9157000000000002
        },
        "val_averages": {
            "Log Loss": 0.34428195227410663,
            "AUC": 0.8922091326383503,
            "Accuracy": 0.8397596836730777,
            "F1": 0.8397596836730777
        },
        "test_averages": {
            "Log Loss": 0.34990097285900656,
            "AUC": 0.8885235709827214,
            "Accuracy": 0.8454643172482628,
            "F1": 0.8454643172482628
        },
        "average_train_time": 1.3276682660999881
    }
}