{"dataset": {"name": "openml__Australian__146818", "cat_idx": [0, 3, 4, 5, 7, 8, 10, 11], "cat_dims": [2, 3, 14, 8, 2, 2, 2, 3], "target_type": "binary", "num_classes": 1, "num_features": 14, "num_instances": 690, "split_source": "openml"}, "scaler": "None", "model": {"name": "CatBoost", "params": {"learning_rate": 0.018953745805163257, "max_depth": 8, "l2_leaf_reg": 1.8859542796209, "iterations": 100, "od_type": "Iter", "od_wait": 20, "verbose": 100, "train_dir": "output/CatBoost/openml__Australian__146818/catboost_info", "task_type": "GPU", "devices": [[0]], "cat_features": [0, 3, 4, 5, 7, 8, 10, 11]}, "args": {"model_name": "CatBoost", "batch_size": 128, "scale_numerical_features": "None", "val_batch_size": 256, "objective": "binary", "gpu_ids": [0], "use_gpu": true, "epochs": 100, "data_parallel": true, "early_stopping_rounds": 20, "dataset": "openml__Australian__146818", "cat_idx": [0, 3, 4, 5, 7, 8, 10, 11], "num_features": 14, "subset_features": -1, "subset_rows": 1000, "subset_features_method": "random", "subset_rows_method": "random", "cat_dims": [2, 3, 14, 8, 2, 2, 2, 3], "num_classes": 1, "logging_period": 100}}, "experiemnt_args": {"experiment_config": "tabzilla_experiment_config_a100.yml", "output_dir": "./results/CatBoost/openml__Australian__146818", "write_predictions": false, "use_gpu": true, "gpu_ids": [0], "data_parallel": true, "n_random_trials": 30, "hparam_seed": 0, "n_opt_trials": 1, "batch_size": 128, "val_batch_size": 256, "scale_numerical_features": "None", "early_stopping_rounds": 20, "epochs": 100, "logging_period": 100, "experiment_time_limit": 18000, "trial_time_limit": 7200, "subset_rows": 1000, "subset_features": -1, "subset_rows_method": "random", "subset_features_method": "random", "subset_random_seed": 0}, "hparam_source": "sampler_30", "trial_number": 30, "exception": "None", "timers": {"train": [1.254261296999971, 1.136568617000023, 1.1421257090000267, 1.2148220899999842, 1.2420896809999817, 1.1875362900000255, 1.1798139699999979, 1.235309008999991, 1.2420705800000178, 1.2541767380000124], "val": [0.003076228999987052, 0.0030331090000004224, 0.002880696000033822, 0.0028684740000244346, 0.0026803480000126, 0.0031965659999855234, 0.0031056010000156675, 0.0029772970000294663, 0.003456716000016513, 0.0027052040000512534], "test": [0.0026795510000283684, 0.0026636030000304345, 0.002854112000022724, 0.0026759139999512627, 0.0027254240000047503, 0.002873212999986663, 0.002748870999994324, 0.0027225169999951504, 0.003354160000014872, 0.003085467999994762], "train-eval": [0.006072625999991033, 0.005980598000007831, 0.006416915000045265, 0.006442291999974259, 0.005998226000031082, 0.00643708699999479, 0.00633124000000862, 0.006149020999998811, 0.008429442000021936, 0.00636524899999813]}, "scorers": {"train": {"Log Loss": [0.35315662885040594, 0.3435947101028665, 0.3502733043733645, 0.3479800053718232, 0.3498195276993227, 0.3423646970319229, 0.3378734201464173, 0.34517752245108657, 0.3489485717361307, 0.3485769856668032], "AUC": [0.9685700990493918, 0.9690487269826497, 0.9661370737219969, 0.9636907531742339, 0.9637971149371801, 0.9662567307053115, 0.9682103193580955, 0.963244176013805, 0.9647308687860888, 0.9687416972208938], "Accuracy": [0.9112318840579711, 0.9130434782608695, 0.907608695652174, 0.9021739130434783, 0.9094202898550725, 0.8985507246376812, 0.9021739130434783, 0.9148550724637681, 0.9130434782608695, 0.8804347826086957], "F1": [0.9112318840579711, 0.9130434782608695, 0.907608695652174, 0.9021739130434784, 0.9094202898550725, 0.8985507246376812, 0.9021739130434784, 0.9148550724637681, 0.9130434782608695, 0.8804347826086957]}, "val": {"Log Loss": [0.4167580886523821, 0.4139005436717452, 0.43302934721078484, 0.35580440355582743, 0.3612712875781696, 0.41163808439561994, 0.3770637560332325, 0.3653585741348194, 0.3838816468398111, 0.3651551616985764], "AUC": [0.9134125636672326, 0.9074702886247877, 0.9159592529711376, 0.9592529711375213, 0.9626485568760611, 0.9142614601018676, 0.9427350427350427, 0.9495726495726495, 0.941025641025641, 0.9558573853989815], "Accuracy": [0.855072463768116, 0.855072463768116, 0.8115942028985508, 0.9130434782608695, 0.855072463768116, 0.8260869565217391, 0.8695652173913043, 0.8985507246376812, 0.8695652173913043, 0.855072463768116], "F1": [0.855072463768116, 0.855072463768116, 0.8115942028985508, 0.9130434782608695, 0.855072463768116, 0.8260869565217391, 0.8695652173913043, 0.8985507246376812, 0.8695652173913043, 0.855072463768116]}, "test": {"Log Loss": [0.36302680654434843, 0.4126995481330687, 0.4173736971003816, 0.4205588426206844, 0.35778940620537336, 0.3522507761815872, 0.40300985296248987, 0.39024449399894684, 0.3591159713693032, 0.39647846093367095], "AUC": [0.9533106960950763, 0.9057724957555178, 0.9083191850594228, 0.9278438030560272, 0.9592529711375213, 0.9643463497453311, 0.9176570458404074, 0.9376068376068376, 0.9512820512820512, 0.9324786324786325], "Accuracy": [0.9130434782608695, 0.855072463768116, 0.8405797101449275, 0.8260869565217391, 0.8985507246376812, 0.855072463768116, 0.855072463768116, 0.8840579710144928, 0.9130434782608695, 0.8260869565217391], "F1": [0.9130434782608695, 0.855072463768116, 0.8405797101449275, 0.8260869565217391, 0.8985507246376812, 0.855072463768116, 0.855072463768116, 0.8840579710144928, 0.9130434782608695, 0.8260869565217391]}}}