{
    "dataset_name": "openml__Australian__146818",
    "averages": {
        "train_averages": {
            "Log Loss": 0.34677653734301433,
            "AUC": 0.9662427559949647,
            "Accuracy": 0.9052536231884056,
            "F1": 0.9052536231884056
        },
        "val_averages": {
            "Log Loss": 0.38838608937709684,
            "AUC": 0.9362195812110923,
            "Accuracy": 0.8608695652173914,
            "F1": 0.8608695652173914
        },
        "test_averages": {
            "Log Loss": 0.38725478560498544,
            "AUC": 0.9357870068056824,
            "Accuracy": 0.8666666666666668,
            "F1": 0.8666666666666668
        },
        "average_train_time": 1.2088773981000032
    }
}