{
    "dataset_name": "openml__balance-scale__11",
    "averages": {
        "train_averages": {
            "Log Loss": 0.5192798241031404,
            "AUC": 0.9540664295991566,
            "Accuracy": 0.8994008760035038,
            "F1": 0.8638848186325794
        },
        "val_averages": {
            "Log Loss": 0.5529156219956708,
            "AUC": 0.9019663382594418,
            "Accuracy": 0.8704557091653864,
            "F1": 0.8353014962446638
        },
        "test_averages": {
            "Log Loss": 0.551362262262982,
            "AUC": 0.9041515202989638,
            "Accuracy": 0.8736559139784946,
            "F1": 0.8383909797526595
        },
        "average_train_time": 1.062090297899988
    }
}