{
    "dataset_name": "openml__Bioresponse__9910",
    "averages": {
        "train_averages": {
            "Log Loss": 0.392368602550566,
            "AUC": 0.9295946380586646,
            "Accuracy": 0.8459999999999999,
            "F1": 0.8459999999999999
        },
        "val_averages": {
            "Log Loss": 0.5061258705775737,
            "AUC": 0.83387052919997,
            "Accuracy": 0.7667304964539007,
            "F1": 0.7667304964539007
        },
        "test_averages": {
            "Log Loss": 0.5062957290942236,
            "AUC": 0.8334554160184124,
            "Accuracy": 0.7717992907801418,
            "F1": 0.771799290780142
        },
        "average_train_time": 2.143825357300011
    }
}