{
    "dataset_name": "openml__cnae-9__9981",
    "averages": {
        "train_averages": {
            "Log Loss": 0.5001824112298818,
            "AUC": 0.996223204812886,
            "Accuracy": 0.931712962962963,
            "F1": 0.9325889057939725
        },
        "val_averages": {
            "Log Loss": 0.5582476040392244,
            "AUC": 0.9914351851851849,
            "Accuracy": 0.8972222222222221,
            "F1": 0.8976156622102245
        },
        "test_averages": {
            "Log Loss": 0.5593098025378883,
            "AUC": 0.9914544753086421,
            "Accuracy": 0.8972222222222221,
            "F1": 0.8983874014202182
        },
        "average_train_time": 1.8102481281999985
    }
}