{
    "dataset_name": "openml__colic__27",
    "averages": {
        "train_averages": {
            "Log Loss": 0.3219831501970465,
            "AUC": 0.9477885215969429,
            "Accuracy": 0.8821396863830276,
            "F1": 0.8821396863830276
        },
        "val_averages": {
            "Log Loss": 0.40120124479579056,
            "AUC": 0.8692924828794395,
            "Accuracy": 0.8288288288288289,
            "F1": 0.8288288288288289
        },
        "test_averages": {
            "Log Loss": 0.42679245636098884,
            "AUC": 0.8715918139831184,
            "Accuracy": 0.8261261261261261,
            "F1": 0.8261261261261261
        },
        "average_train_time": 0.8747206001000108
    }
}