{"dataset": {"name": "openml__colic__25", "cat_idx": [0, 1, 5, 6, 7, 8, 9, 10, 11, 12, 13, 15, 16, 19, 21, 22, 23, 24, 25], "cat_dims": [3, 2, 5, 5, 7, 4, 6, 5, 5, 4, 4, 5, 6, 4, 4, 2, 63, 8, 2], "target_type": "binary", "num_classes": 1, "num_features": 26, "num_instances": 368, "split_source": "openml"}, "scaler": "None", "model": {"name": "CatBoost", "params": {"learning_rate": 0.011279496407947247, "max_depth": 2, "l2_leaf_reg": 1.3559080203765312, "iterations": 100, "od_type": "Iter", "od_wait": 20, "verbose": 100, "train_dir": "output/CatBoost/openml__colic__25/catboost_info", "task_type": "GPU", "devices": [[0]], "cat_features": [0, 1, 5, 6, 7, 8, 9, 10, 11, 12, 13, 15, 16, 19, 21, 22, 23, 24, 25]}, "args": {"model_name": "CatBoost", "batch_size": 128, "scale_numerical_features": "None", "val_batch_size": 256, "objective": "binary", "gpu_ids": [0], "use_gpu": true, "epochs": 100, "data_parallel": true, "early_stopping_rounds": 20, "dataset": "openml__colic__25", "cat_idx": [0, 1, 5, 6, 7, 8, 9, 10, 11, 12, 13, 15, 16, 19, 21, 22, 23, 24, 25], "num_features": 26, "subset_features": -1, "subset_rows": 1000, "subset_features_method": "random", "subset_rows_method": "random", "cat_dims": [3, 2, 5, 5, 7, 4, 6, 5, 5, 4, 4, 5, 6, 4, 4, 2, 63, 8, 2], "num_classes": 1, "logging_period": 100}}, "experiemnt_args": {"experiment_config": "tabzilla_experiment_config_a100.yml", "output_dir": "./results/CatBoost/openml__colic__25", "write_predictions": false, "use_gpu": true, "gpu_ids": [0], "data_parallel": true, "n_random_trials": 30, "hparam_seed": 0, "n_opt_trials": 1, "batch_size": 128, "val_batch_size": 256, "scale_numerical_features": "None", "early_stopping_rounds": 20, "epochs": 100, "logging_period": 100, "experiment_time_limit": 18000, "trial_time_limit": 7200, "subset_rows": 1000, "subset_features": -1, "subset_rows_method": "random", "subset_features_method": "random", "subset_random_seed": 0}, "hparam_source": "sampler_30", "trial_number": 30, "exception": "None", "timers": {"train": [1.2585301020000088, 1.1322786610001003, 1.1920245610000393, 1.208366819000048, 1.145270498000059, 1.1572767180000483, 1.170834197999966, 1.1796478979999847, 1.2246244899999965, 1.1740182949999962], "val": [0.003725778999978502, 0.0032893070000454827, 0.0032013320000032763, 0.0034139519999598633, 0.0034795100000337698, 0.0033181100000092556, 0.0032934399999930974, 0.003044158000079733, 0.003474903999972412, 0.0035299319999921863], "test": [0.0033277160000579897, 0.0033346609999398424, 0.0028688490000376987, 0.002863328999978876, 0.0028521749999299573, 0.0027820010000141338, 0.0032440699999369826, 0.0026186580000739923, 0.003088103999971281, 0.003026444000056472], "train-eval": [0.008839760000000751, 0.006797695000045678, 0.0068926960000226245, 0.007058726999957798, 0.006860953000000336, 0.006932101000074908, 0.006967099000007693, 0.006747380000092562, 0.006728075999944849, 0.007006546999946295]}, "scorers": {"train": {"Log Loss": [0.4144158350166215, 0.40998808225545547, 0.3843088586021011, 0.39539887230279136, 0.393535081694054, 0.3769011623270321, 0.3912862939614194, 0.40075361417136923, 0.3911954519155207, 0.3907771939970321], "AUC": [0.927139175257732, 0.9288144329896907, 0.9453865979381443, 0.9288526288526289, 0.9343502707205331, 0.942289670970429, 0.9414827155351936, 0.9386724386724388, 0.9453826530612245, 0.941923076923077], "Accuracy": [0.8639455782312925, 0.8639455782312925, 0.8809523809523809, 0.8775510204081632, 0.8673469387755102, 0.8707482993197279, 0.8673469387755102, 0.864406779661017, 0.8682432432432432, 0.8745762711864407], "F1": [0.8639455782312925, 0.8639455782312925, 0.8809523809523809, 0.8775510204081631, 0.8673469387755102, 0.8707482993197279, 0.8673469387755102, 0.864406779661017, 0.8682432432432432, 0.8745762711864407]}, "val": {"Log Loss": [0.3315774637756691, 0.4643371997383783, 0.4339669763848473, 0.3807145894147881, 0.46065359912286463, 0.4585201757154865, 0.37256408041082073, 0.4051278555663627, 0.39196174667911027, 0.40394467355841185], "AUC": [0.99, 0.8933333333333333, 0.92, 0.9551282051282052, 0.8333333333333333, 0.8461538461538461, 0.9358974358974359, 0.9270833333333334, 0.9166666666666667, 0.91], "Accuracy": [0.972972972972973, 0.8648648648648649, 0.8108108108108109, 0.8918918918918919, 0.8378378378378378, 0.7837837837837838, 0.8918918918918919, 0.8333333333333334, 0.8611111111111112, 0.8378378378378378], "F1": [0.972972972972973, 0.8648648648648649, 0.8108108108108109, 0.8918918918918919, 0.8378378378378378, 0.7837837837837838, 0.8918918918918919, 0.8333333333333334, 0.8611111111111112, 0.8378378378378378]}, "test": {"Log Loss": [0.4177641843821653, 0.3351295958423064, 0.4523950231091038, 0.4403428463892754, 0.38510166887680136, 0.4663108802664692, 0.4479829371552041, 0.37860334618214436, 0.39498468221403943, 0.40130896691403095], "AUC": [0.8866666666666666, 0.9866666666666667, 0.85, 0.9233333333333333, 0.9038461538461539, 0.8301282051282051, 0.8717948717948718, 0.9358974358974359, 0.9270833333333333, 0.8854166666666666], "Accuracy": [0.8648648648648649, 0.972972972972973, 0.8378378378378378, 0.8108108108108109, 0.8648648648648649, 0.8378378378378378, 0.8108108108108109, 0.8918918918918919, 0.8888888888888888, 0.8611111111111112], "F1": [0.8648648648648649, 0.972972972972973, 0.8378378378378378, 0.8108108108108109, 0.8648648648648649, 0.8378378378378378, 0.8108108108108109, 0.8918918918918919, 0.8888888888888888, 0.8611111111111112]}}}