{"dataset": {"name": "openml__colic__27", "cat_idx": [0, 1, 5, 6, 7, 8, 9, 10, 11, 12, 13, 15, 16, 19, 21], "cat_dims": [3, 2, 5, 5, 7, 4, 6, 5, 5, 4, 4, 5, 6, 4, 4], "target_type": "binary", "num_classes": 1, "num_features": 22, "num_instances": 368, "split_source": "openml"}, "scaler": "None", "model": {"name": "CatBoost", "params": {"learning_rate": 0.1268510700078991, "max_depth": 3, "l2_leaf_reg": 1.4865323532634511, "iterations": 100, "od_type": "Iter", "od_wait": 20, "verbose": 100, "train_dir": "output/CatBoost/openml__colic__27/catboost_info", "task_type": "GPU", "devices": [[0]], "cat_features": [0, 1, 5, 6, 7, 8, 9, 10, 11, 12, 13, 15, 16, 19, 21]}, "args": {"model_name": "CatBoost", "batch_size": 128, "scale_numerical_features": "None", "val_batch_size": 256, "objective": "binary", "gpu_ids": [0], "use_gpu": true, "epochs": 100, "data_parallel": true, "early_stopping_rounds": 20, "dataset": "openml__colic__27", "cat_idx": [0, 1, 5, 6, 7, 8, 9, 10, 11, 12, 13, 15, 16, 19, 21], "num_features": 22, "subset_features": -1, "subset_rows": 1000, "subset_features_method": "random", "subset_rows_method": "random", "cat_dims": [3, 2, 5, 5, 7, 4, 6, 5, 5, 4, 4, 5, 6, 4, 4], "num_classes": 1, "logging_period": 100}}, "experiemnt_args": {"experiment_config": "tabzilla_experiment_config_a100.yml", "output_dir": "./results/CatBoost/openml__colic__27", "write_predictions": false, "use_gpu": true, "gpu_ids": [0], "data_parallel": true, "n_random_trials": 30, "hparam_seed": 0, "n_opt_trials": 1, "batch_size": 128, "val_batch_size": 256, "scale_numerical_features": "None", "early_stopping_rounds": 20, "epochs": 100, "logging_period": 100, "experiment_time_limit": 18000, "trial_time_limit": 7200, "subset_rows": 1000, "subset_features": -1, "subset_rows_method": "random", "subset_features_method": "random", "subset_random_seed": 0}, "hparam_source": "sampler_30", "trial_number": 30, "exception": "None", "timers": {"train": [1.2587951429999293, 0.7717012709999835, 0.9615862860000561, 0.8339550830000917, 1.2461875230000032, 0.6502044970000043, 0.6673567540000249, 0.6231209979999903, 0.8524018589999969, 0.8818965870000284], "val": [0.0029986459999236104, 0.0031073500000502463, 0.0032805869999492643, 0.0032678820000455744, 0.003144737999946301, 0.0031256700000312776, 0.0036424019999685697, 0.0029213990000016565, 0.0027469689999861657, 0.0032695490000378413], "test": [0.0023065139999971507, 0.0029448889999912353, 0.002878096000017649, 0.0028815630000735837, 0.0029491479999705916, 0.002708623999978954, 0.003365088000009564, 0.003198018999910346, 0.003031097999951271, 0.0029324109999606662], "train-eval": [0.005612520999989101, 0.005984802000057243, 0.005945811999936268, 0.005906589000005624, 0.006240153000021564, 0.0059933139999657215, 0.008056605000092532, 0.006522221999944122, 0.006066734000000906, 0.0064161169999579215]}, "scorers": {"train": {"Log Loss": [0.2141368242237243, 0.3488595947676441, 0.2915635225066298, 0.33911838854817666, 0.20594751013238644, 0.4021604466659197, 0.450362138248753, 0.37102714562902744, 0.3046658316291582, 0.2919900996190451], "AUC": [0.9805335968379446, 0.9277212992809323, 0.9543010752688172, 0.937873357228196, 0.9833233771405814, 0.9223665870171247, 0.9275189167662287, 0.9427591989740555, 0.9474828934506354, 0.954004914004914], "Accuracy": [0.9285714285714286, 0.8673469387755102, 0.8707482993197279, 0.8537414965986394, 0.9421768707482994, 0.8639455782312925, 0.8605442176870748, 0.8711864406779661, 0.875, 0.888135593220339], "F1": [0.9285714285714286, 0.8673469387755102, 0.8707482993197279, 0.8537414965986394, 0.9421768707482994, 0.8639455782312925, 0.8605442176870749, 0.8711864406779661, 0.875, 0.888135593220339]}, "val": {"Log Loss": [0.31244771661307774, 0.40468029799792293, 0.34711868073466, 0.3600566977295661, 0.2967411585470686, 0.46095525039774593, 0.5934552848649316, 0.5209709901589821, 0.37698382547389053, 0.3386025454400597], "AUC": [0.951923076923077, 0.9285714285714286, 0.9037267080745341, 0.9316770186335405, 0.9503105590062112, 0.8726708074534162, 0.6677018633540373, 0.7157190635451505, 0.8795986622073579, 0.891025641025641], "Accuracy": [0.8108108108108109, 0.8108108108108109, 0.918918918918919, 0.8108108108108109, 0.918918918918919, 0.7837837837837838, 0.7027027027027027, 0.7777777777777778, 0.8888888888888888, 0.8648648648648649], "F1": [0.8108108108108109, 0.8108108108108109, 0.918918918918919, 0.8108108108108109, 0.918918918918919, 0.7837837837837838, 0.7027027027027027, 0.7777777777777778, 0.8888888888888888, 0.8648648648648649]}, "test": {"Log Loss": [0.31920329703764144, 0.4093835690722607, 0.36152307077452955, 0.35553506638063026, 0.4607481518757655, 0.39986304732664063, 0.5048245467682161, 0.6010726615153237, 0.4776012917348173, 0.37816986112406364], "AUC": [0.9070512820512822, 0.907051282051282, 0.9347826086956521, 0.9192546583850931, 0.8944099378881988, 0.8913043478260869, 0.8850931677018634, 0.7080745341614907, 0.7725752508361204, 0.8963210702341137], "Accuracy": [0.8918918918918919, 0.8378378378378378, 0.8108108108108109, 0.8918918918918919, 0.7837837837837838, 0.8378378378378378, 0.7837837837837838, 0.7567567567567568, 0.8055555555555556, 0.8611111111111112], "F1": [0.8918918918918919, 0.8378378378378378, 0.8108108108108109, 0.8918918918918919, 0.7837837837837838, 0.8378378378378378, 0.7837837837837838, 0.7567567567567567, 0.8055555555555556, 0.8611111111111112]}}}