{
    "dataset_name": "openml__colic__25",
    "averages": {
        "train_averages": {
            "Log Loss": 0.3948560446243397,
            "AUC": 0.9374293660921091,
            "Accuracy": 0.8699063028784579,
            "F1": 0.8699063028784579
        },
        "val_averages": {
            "Log Loss": 0.41033683603667404,
            "AUC": 0.9127596153846154,
            "Accuracy": 0.8586336336336335,
            "F1": 0.8586336336336335
        },
        "test_averages": {
            "Log Loss": 0.41199241313315405,
            "AUC": 0.9000833333333335,
            "Accuracy": 0.8641891891891891,
            "F1": 0.8641891891891891
        },
        "average_train_time": 1.1842872240000246
    }
}