{"dataset": {"name": "openml__credit-g__31", "cat_idx": [0, 2, 3, 5, 6, 8, 9, 11, 13, 14, 16, 18, 19], "cat_dims": [4, 5, 10, 5, 5, 4, 3, 4, 3, 3, 4, 2, 2], "target_type": "binary", "num_classes": 1, "num_features": 20, "num_instances": 1000, "split_source": "openml"}, "scaler": "None", "model": {"name": "CatBoost", "params": {"learning_rate": 0.015094688308060057, "max_depth": 12, "l2_leaf_reg": 9.426394062873024, "iterations": 100, "od_type": "Iter", "od_wait": 20, "verbose": 100, "train_dir": "output/CatBoost/openml__credit-g__31/catboost_info", "task_type": "GPU", "devices": [[0]], "cat_features": [0, 2, 3, 5, 6, 8, 9, 11, 13, 14, 16, 18, 19]}, "args": {"model_name": "CatBoost", "batch_size": 128, "scale_numerical_features": "None", "val_batch_size": 256, "objective": "binary", "gpu_ids": [0], "use_gpu": true, "epochs": 100, "data_parallel": true, "early_stopping_rounds": 20, "dataset": "openml__credit-g__31", "cat_idx": [0, 2, 3, 5, 6, 8, 9, 11, 13, 14, 16, 18, 19], "num_features": 20, "subset_features": -1, "subset_rows": 1000, "subset_features_method": "random", "subset_rows_method": "random", "cat_dims": [4, 5, 10, 5, 5, 4, 3, 4, 3, 3, 4, 2, 2], "num_classes": 1, "logging_period": 100}}, "experiemnt_args": {"experiment_config": "tabzilla_experiment_config_a100.yml", "output_dir": "./results/CatBoost/openml__credit-g__31", "write_predictions": false, "use_gpu": true, "gpu_ids": [0], "data_parallel": true, "n_random_trials": 30, "hparam_seed": 0, "n_opt_trials": 1, "batch_size": 128, "val_batch_size": 256, "scale_numerical_features": "None", "early_stopping_rounds": 20, "epochs": 100, "logging_period": 100, "experiment_time_limit": 18000, "trial_time_limit": 7200, "subset_rows": 1000, "subset_features": -1, "subset_rows_method": "random", "subset_features_method": "random", "subset_random_seed": 0}, "hparam_source": "sampler_30", "trial_number": 30, "exception": "None", "timers": {"train": [18.675695776999987, 18.663530104000074, 18.334508656000025, 19.49216895500001, 18.829570736999926, 17.90800777300001, 18.41044178800007, 18.426962949000085, 17.691282856000043, 18.67300973099998], "val": [0.0037566910000350617, 0.0038660309999158926, 0.0036808090000022275, 0.0038363529999969614, 0.004564269999946191, 0.003951246000042374, 0.0038815839999415402, 0.003874274999930094, 0.003751213999976244, 0.0038164329999972324], "test": [0.003490720999934638, 0.0034162489999971513, 0.0032240470000033383, 0.003365321000046606, 0.0045678599999519065, 0.0036920049999480398, 0.0032589730000154304, 0.0036234920000879356, 0.003474348000054306, 0.0032983079998984977], "train-eval": [0.011029123000071195, 0.011799717000030796, 0.011414689999924121, 0.010838180000064312, 0.0160026219999736, 0.012289248000001862, 0.010491519999959564, 0.011170956000000842, 0.011017177999974592, 0.012483610999993289]}, "scorers": {"train": {"Log Loss": [0.43207765370612344, 0.4241735599936405, 0.42467976258962264, 0.425709251154225, 0.4405616177989963, 0.45607658060218076, 0.45936777799612744, 0.4308454682739276, 0.42082136411766385, 0.43172779758436336], "AUC": [0.9757366071428571, 0.9719940476190476, 0.97125, 0.9802455357142859, 0.9650669642857143, 0.9672544642857143, 0.9736830357142858, 0.9867336309523809, 0.9727901785714286, 0.9714508928571428], "Accuracy": [0.91375, 0.91625, 0.905, 0.93125, 0.9125, 0.89, 0.9125, 0.92625, 0.91875, 0.91375], "F1": [0.91375, 0.91625, 0.905, 0.93125, 0.9125, 0.89, 0.9125, 0.92625, 0.91875, 0.91375]}, "val": {"Log Loss": [0.5501447328577825, 0.5603169027401711, 0.5547050913540462, 0.5736485172935399, 0.5409906538108731, 0.5481733531895006, 0.5541043365012486, 0.5762470833177303, 0.5716960806683354, 0.5704467111728054], "AUC": [0.7695238095238095, 0.7333333333333333, 0.7723809523809525, 0.7390476190476191, 0.7761904761904762, 0.7942857142857143, 0.819047619047619, 0.7109523809523811, 0.6976190476190476, 0.7523809523809524], "Accuracy": [0.73, 0.7, 0.79, 0.7, 0.79, 0.75, 0.73, 0.71, 0.69, 0.76], "F1": [0.7299999999999999, 0.7, 0.79, 0.7, 0.79, 0.75, 0.7299999999999999, 0.7100000000000001, 0.69, 0.76]}, "test": {"Log Loss": [0.5519260009288393, 0.5397909234696926, 0.5637791884835592, 0.5768132355203734, 0.560197828330541, 0.5482527136174266, 0.556931034357595, 0.5417068295387358, 0.5761852602854486, 0.5724088965445431], "AUC": [0.7847619047619048, 0.768095238095238, 0.7257142857142858, 0.7338095238095239, 0.7576190476190476, 0.7761904761904762, 0.7919047619047619, 0.8261904761904761, 0.6795238095238095, 0.7057142857142857], "Accuracy": [0.71, 0.77, 0.7, 0.73, 0.72, 0.8, 0.73, 0.75, 0.75, 0.69], "F1": [0.7100000000000001, 0.7699999999999999, 0.7, 0.7299999999999999, 0.72, 0.8000000000000002, 0.7299999999999999, 0.75, 0.75, 0.69]}}}