{
    "dataset_name": "openml__credit-approval__29",
    "averages": {
        "train_averages": {
            "Log Loss": 0.2746014573603711,
            "AUC": 0.9635833703662776,
            "Accuracy": 0.9067028985507248,
            "F1": 0.9067028985507248
        },
        "val_averages": {
            "Log Loss": 0.3293327349312364,
            "AUC": 0.9355311769912789,
            "Accuracy": 0.8695652173913043,
            "F1": 0.8695652173913043
        },
        "test_averages": {
            "Log Loss": 0.3305973707678547,
            "AUC": 0.9351892966493986,
            "Accuracy": 0.872463768115942,
            "F1": 0.872463768115942
        },
        "average_train_time": 1.12362538860001
    }
}