{"dataset": {"name": "openml__credit-approval__29", "cat_idx": [0, 3, 4, 5, 6, 8, 9, 11, 12], "cat_dims": [3, 4, 4, 15, 10, 2, 2, 2, 3], "target_type": "binary", "num_classes": 1, "num_features": 15, "num_instances": 690, "split_source": "openml"}, "scaler": "None", "model": {"name": "CatBoost", "params": {"learning_rate": 0.15569954320065743, "max_depth": 7, "l2_leaf_reg": 23.651345254111494, "iterations": 100, "od_type": "Iter", "od_wait": 20, "verbose": 100, "train_dir": "output/CatBoost/openml__credit-approval__29/catboost_info", "task_type": "GPU", "devices": [[0]], "cat_features": [0, 3, 4, 5, 6, 8, 9, 11, 12]}, "args": {"model_name": "CatBoost", "batch_size": 128, "scale_numerical_features": "None", "val_batch_size": 256, "objective": "binary", "gpu_ids": [0], "use_gpu": true, "epochs": 100, "data_parallel": true, "early_stopping_rounds": 20, "dataset": "openml__credit-approval__29", "cat_idx": [0, 3, 4, 5, 6, 8, 9, 11, 12], "num_features": 15, "subset_features": -1, "subset_rows": 1000, "subset_features_method": "random", "subset_rows_method": "random", "cat_dims": [3, 4, 4, 15, 10, 2, 2, 2, 3], "num_classes": 1, "logging_period": 100}}, "experiemnt_args": {"experiment_config": "tabzilla_experiment_config_a100.yml", "output_dir": "./results/CatBoost/openml__credit-approval__29", "write_predictions": false, "use_gpu": true, "gpu_ids": [0], "data_parallel": true, "n_random_trials": 30, "hparam_seed": 0, "n_opt_trials": 1, "batch_size": 128, "val_batch_size": 256, "scale_numerical_features": "None", "early_stopping_rounds": 20, "epochs": 100, "logging_period": 100, "experiment_time_limit": 18000, "trial_time_limit": 7200, "subset_rows": 1000, "subset_features": -1, "subset_rows_method": "random", "subset_features_method": "random", "subset_random_seed": 0}, "hparam_source": "sampler_30", "trial_number": 30, "exception": "None", "timers": {"train": [1.1209850010000082, 1.1641187190000437, 1.098685144000001, 1.2271390970000198, 1.1837971110000467, 1.0938451460000351, 1.0806720979999795, 1.099417337000034, 1.0806846119999705, 1.0869096209999611], "val": [0.0032547639999620515, 0.003118778999976257, 0.0027976829999829533, 0.002977584999996452, 0.0031592589999718257, 0.002972435999993195, 0.0031522859999881803, 0.002879011000004539, 0.003060089000030075, 0.003234002999988661], "test": [0.0027030470000113382, 0.002534382000021651, 0.002846478999970259, 0.0027094600000054925, 0.002699991999975282, 0.002871001000016804, 0.002850833000024977, 0.0030878769999844735, 0.0027247350000152437, 0.002974760000029164], "train-eval": [0.006367237999995723, 0.006970286000012038, 0.006428959999993822, 0.006738395000013497, 0.00634947599996849, 0.006915526999989652, 0.006841841999971621, 0.0069735010000044895, 0.006917435999980626, 0.006957827999997335]}, "scorers": {"train": {"Log Loss": [0.2757627103020356, 0.2768086167330303, 0.27482756834821653, 0.2603847015368625, 0.28116783130442285, 0.27876438393235886, 0.2803229562308176, 0.25733764868405196, 0.28411643463891945, 0.27652172189299523], "AUC": [0.9651423641069887, 0.9620627862215438, 0.963268505234072, 0.9653526557202685, 0.9607392142524762, 0.961829422322675, 0.9623213454763012, 0.9702851824768995, 0.9618161271023067, 0.9630161007492428], "Accuracy": [0.8967391304347826, 0.9003623188405797, 0.9130434782608695, 0.9130434782608695, 0.9166666666666666, 0.9166666666666666, 0.9039855072463768, 0.9112318840579711, 0.8931159420289855, 0.9021739130434783], "F1": [0.8967391304347826, 0.9003623188405797, 0.9130434782608695, 0.9130434782608695, 0.9166666666666666, 0.9166666666666666, 0.9039855072463768, 0.9112318840579711, 0.8931159420289856, 0.9021739130434784]}, "val": {"Log Loss": [0.3191731914209382, 0.3295634420535265, 0.4611683096979636, 0.2584639059881459, 0.2854296030880783, 0.33295261536481024, 0.4405891928670598, 0.26296553389662786, 0.2921872895852309, 0.310834265349983], "AUC": [0.947008547008547, 0.9333333333333333, 0.8582342954159593, 0.966893039049236, 0.9660441426146009, 0.9371816638370118, 0.8667232597623089, 0.9745331069609507, 0.9660441426146011, 0.9393162393162393], "Accuracy": [0.8695652173913043, 0.8695652173913043, 0.7971014492753623, 0.9130434782608695, 0.8840579710144928, 0.855072463768116, 0.8115942028985508, 0.927536231884058, 0.8840579710144928, 0.8840579710144928], "F1": [0.8695652173913043, 0.8695652173913043, 0.7971014492753623, 0.9130434782608695, 0.8840579710144928, 0.855072463768116, 0.8115942028985508, 0.927536231884058, 0.8840579710144928, 0.8840579710144928]}, "test": {"Log Loss": [0.30954547288453216, 0.32556270125117004, 0.32633458147604044, 0.4521402556704922, 0.2739680552649737, 0.2840082911115408, 0.3389118885924498, 0.4283453967722545, 0.2795082740201265, 0.28764879063496707], "AUC": [0.9393162393162393, 0.941025641025641, 0.9358974358974359, 0.8633276740237692, 0.966044142614601, 0.9685908319185059, 0.9320882852292021, 0.8701188455008488, 0.966893039049236, 0.9685908319185059], "Accuracy": [0.8985507246376812, 0.8695652173913043, 0.8695652173913043, 0.8115942028985508, 0.9130434782608695, 0.855072463768116, 0.8695652173913043, 0.8405797101449275, 0.927536231884058, 0.8695652173913043], "F1": [0.8985507246376812, 0.8695652173913043, 0.8695652173913043, 0.8115942028985508, 0.9130434782608695, 0.855072463768116, 0.8695652173913043, 0.8405797101449275, 0.927536231884058, 0.8695652173913043]}}}