{"dataset": {"name": "openml__electricity__219", "cat_idx": [1], "cat_dims": [7], "target_type": "binary", "num_classes": 1, "num_features": 8, "num_instances": 45312, "split_source": "openml"}, "scaler": "None", "model": {"name": "CatBoost", "params": {"learning_rate": 0.07207552316674311, "max_depth": 2, "l2_leaf_reg": 2.3772060285407743, "iterations": 100, "od_type": "Iter", "od_wait": 20, "verbose": 100, "train_dir": "output/CatBoost/openml__electricity__219/catboost_info", "task_type": "GPU", "devices": [[0]], "cat_features": [1]}, "args": {"model_name": "CatBoost", "batch_size": 128, "scale_numerical_features": "None", "val_batch_size": 256, "objective": "binary", "gpu_ids": [0], "use_gpu": true, "epochs": 100, "data_parallel": true, "early_stopping_rounds": 20, "dataset": "openml__electricity__219", "cat_idx": [1], "num_features": 8, "subset_features": -1, "subset_rows": 1000, "subset_features_method": "random", "subset_rows_method": "random", "cat_dims": [7], "num_classes": 1, "logging_period": 100}}, "experiemnt_args": {"experiment_config": "tabzilla_experiment_config_a100.yml", "output_dir": "./results/CatBoost/openml__electricity__219", "write_predictions": false, "use_gpu": true, "gpu_ids": [0], "data_parallel": true, "n_random_trials": 30, "hparam_seed": 0, "n_opt_trials": 1, "batch_size": 128, "val_batch_size": 256, "scale_numerical_features": "None", "early_stopping_rounds": 20, "epochs": 100, "logging_period": 100, "experiment_time_limit": 18000, "trial_time_limit": 7200, "subset_rows": 1000, "subset_features": -1, "subset_rows_method": "random", "subset_features_method": "random", "subset_random_seed": 0}, "hparam_source": "sampler_30", "trial_number": 30, "exception": "None", "timers": {"train": [0.8601908740000113, 0.6999182999999789, 0.7099308720000295, 0.7711660390000361, 0.7465335310000114, 0.7015320969999834, 0.7113521910000031, 0.691475075000028, 0.7481571380000105, 0.7240179300000023], "val": [0.0054983790000164845, 0.005328166000026613, 0.006623750000017026, 0.005234709000035309, 0.005078041999979632, 0.00455507200001648, 0.004691597000032743, 0.004969844000015655, 0.005242296999995233, 0.005088034000038988], "test": [0.005314204000001155, 0.005262555000001612, 0.004982366000035654, 0.005197085000020252, 0.005374667000012323, 0.005552152999996451, 0.005255314000010003, 0.0051991060000204925, 0.005632296999976916, 0.005039448999980323], "train-eval": [0.0063339399999904344, 0.006228563000036047, 0.007402877999993507, 0.006233515000019452, 0.0066468049999457435, 0.0066976489999888145, 0.006376139999986208, 0.0062514869999859, 0.006219417000011163, 0.00613717600003838]}, "scorers": {"train": {"Log Loss": [0.4319804944174981, 0.45359182503398937, 0.4515453430258622, 0.45767174570309593, 0.45635692407494244, 0.457381856848659, 0.46212842624126815, 0.4679613656159125, 0.4672419012891473, 0.4470860527905029], "AUC": [0.8958415225366876, 0.8784818414322251, 0.8787262204245384, 0.8773882339400515, 0.8767716503066476, 0.8752466334533617, 0.8717793781548531, 0.8654162350581233, 0.8680079415971983, 0.8785820971867007], "Accuracy": [0.792, 0.784, 0.779, 0.777, 0.784, 0.78, 0.778, 0.767, 0.768, 0.79], "F1": [0.792, 0.7840000000000001, 0.779, 0.777, 0.7840000000000001, 0.78, 0.778, 0.767, 0.768, 0.79]}, "val": {"Log Loss": [0.48405377208084094, 0.49852792310429034, 0.4868070978123603, 0.48211733605030915, 0.4942512196468873, 0.4570206301340172, 0.4484603390047805, 0.49633491321892154, 0.45592036550869475, 0.4654065160921806], "AUC": [0.8501719051978436, 0.8346501774876904, 0.8508592203628275, 0.8541165693347075, 0.8458658454793804, 0.8753946442884951, 0.882710899543603, 0.8381079157874072, 0.8775580311135103, 0.8673502186959617], "Accuracy": [0.772, 0.75, 0.765, 0.761, 0.752, 0.773, 0.795, 0.755, 0.77, 0.78], "F1": [0.772, 0.75, 0.765, 0.761, 0.752, 0.7729999999999999, 0.795, 0.755, 0.7699999999999999, 0.78]}, "test": {"Log Loss": [0.4432673664772385, 0.5019623910817891, 0.4960906630750586, 0.4868028985749482, 0.485144013158301, 0.49070374499897607, 0.45397250046002285, 0.4511256042231703, 0.49257974998120274, 0.46288889525628407], "AUC": [0.8823008849557523, 0.8332458549486318, 0.8390710114344605, 0.8521208552125761, 0.8528038147584694, 0.8475466620863392, 0.8765254126384321, 0.8811834421161112, 0.8417762673602591, 0.867894358018027], "Accuracy": [0.789, 0.762, 0.747, 0.763, 0.754, 0.746, 0.793, 0.797, 0.757, 0.779], "F1": [0.7890000000000001, 0.762, 0.747, 0.763, 0.754, 0.746, 0.793, 0.797, 0.757, 0.779]}}}