{
    "dataset_name": "openml__electricity__219",
    "averages": {
        "train_averages": {
            "Log Loss": 0.4552945935040878,
            "AUC": 0.8766241754090387,
            "Accuracy": 0.7799,
            "F1": 0.7799
        },
        "val_averages": {
            "Log Loss": 0.47689001126532826,
            "AUC": 0.8576785427291427,
            "Accuracy": 0.7672999999999999,
            "F1": 0.7672999999999999
        },
        "test_averages": {
            "Log Loss": 0.47645378272869915,
            "AUC": 0.857446856352906,
            "Accuracy": 0.7686999999999999,
            "F1": 0.7686999999999999
        },
        "average_train_time": 0.7364274047000094
    }
}