{
    "dataset_name": "openml__elevators__3711",
    "averages": {
        "train_averages": {
            "Log Loss": 0.4374672800588767,
            "AUC": 0.8912234545818685,
            "Accuracy": 0.8389999999999999,
            "F1": 0.8389999999999999
        },
        "val_averages": {
            "Log Loss": 0.47665260619570127,
            "AUC": 0.8384625979660105,
            "Accuracy": 0.8062000000000001,
            "F1": 0.8062000000000001
        },
        "test_averages": {
            "Log Loss": 0.47660961574614324,
            "AUC": 0.838763492144541,
            "Accuracy": 0.8055,
            "F1": 0.8055
        },
        "average_train_time": 0.7208750778000024
    }
}