{
    "dataset_name": "openml__guillermo__168337",
    "averages": {
        "train_averages": {
            "Log Loss": 0.30666478740167463,
            "AUC": 0.9878719346508922,
            "Accuracy": 0.9433999999999999,
            "F1": 0.9433999999999999
        },
        "val_averages": {
            "Log Loss": 0.6215035994429763,
            "AUC": 0.6877696777092481,
            "Accuracy": 0.6696,
            "F1": 0.6696
        },
        "test_averages": {
            "Log Loss": 0.6289352517613469,
            "AUC": 0.6791057687896948,
            "Accuracy": 0.6687,
            "F1": 0.6687
        },
        "average_train_time": 7.339246893299969
    }
}