{
    "dataset_name": "openml__heart-h__50",
    "averages": {
        "train_averages": {
            "Log Loss": 0.2553480236579647,
            "AUC": 0.9729375837685824,
            "Accuracy": 0.9243411282791015,
            "F1": 0.9243411282791015
        },
        "val_averages": {
            "Log Loss": 0.3898375549639071,
            "AUC": 0.8907602339181286,
            "Accuracy": 0.8267816091954023,
            "F1": 0.8267816091954023
        },
        "test_averages": {
            "Log Loss": 0.4124618268779468,
            "AUC": 0.8816214779372675,
            "Accuracy": 0.8266666666666668,
            "F1": 0.8266666666666668
        },
        "average_train_time": 0.8638351284999999
    }
}