{"dataset": {"name": "openml__heart-h__50", "cat_idx": [1, 2, 5, 6, 8, 10, 12], "cat_dims": [2, 4, 3, 4, 3, 4, 4], "target_type": "binary", "num_classes": 1, "num_features": 13, "num_instances": 294, "split_source": "openml"}, "scaler": "None", "model": {"name": "CatBoost", "params": {"learning_rate": 0.2537150300952549, "max_depth": 7, "l2_leaf_reg": 3.9387115817092626, "iterations": 100, "od_type": "Iter", "od_wait": 20, "verbose": 100, "train_dir": "output/CatBoost/openml__heart-h__50/catboost_info", "task_type": "GPU", "devices": [[0]], "cat_features": [1, 2, 5, 6, 8, 10, 12]}, "args": {"model_name": "CatBoost", "batch_size": 128, "scale_numerical_features": "None", "val_batch_size": 256, "objective": "binary", "gpu_ids": [0], "use_gpu": true, "epochs": 100, "data_parallel": true, "early_stopping_rounds": 20, "dataset": "openml__heart-h__50", "cat_idx": [1, 2, 5, 6, 8, 10, 12], "num_features": 13, "subset_features": -1, "subset_rows": 1000, "subset_features_method": "random", "subset_rows_method": "random", "cat_dims": [2, 4, 3, 4, 3, 4, 4], "num_classes": 1, "logging_period": 100}}, "experiemnt_args": {"experiment_config": "tabzilla_experiment_config_a100.yml", "output_dir": "./results/CatBoost/openml__heart-h__50", "write_predictions": false, "use_gpu": true, "gpu_ids": [0], "data_parallel": true, "n_random_trials": 30, "hparam_seed": 0, "n_opt_trials": 1, "batch_size": 128, "val_batch_size": 256, "scale_numerical_features": "None", "early_stopping_rounds": 20, "epochs": 100, "logging_period": 100, "experiment_time_limit": 18000, "trial_time_limit": 7200, "subset_rows": 1000, "subset_features": -1, "subset_rows_method": "random", "subset_features_method": "random", "subset_random_seed": 0}, "hparam_source": "sampler_30", "trial_number": 30, "exception": "None", "timers": {"train": [1.1795395180000128, 0.8553369910000015, 0.6719121830000176, 1.1493963039999926, 0.9783779980000418, 0.6188330669999687, 1.1778668110000012, 0.7807277249999629, 0.5850386870000079, 0.6413220009999918], "val": [0.002753157000029205, 0.0026300519999722383, 0.002522434000013618, 0.00250855000001593, 0.002681079000012687, 0.002553659999989577, 0.0026665240000056656, 0.004002073999970435, 0.0027002049999964584, 0.0025399890000130654], "test": [0.002438933000007637, 0.0023654339999552576, 0.0025673700000083954, 0.0027643819999525476, 0.0025163810000208287, 0.0027210139999738203, 0.0022908310000389065, 0.002415854999981093, 0.0025601689999916744, 0.0025412990000290847], "train-eval": [0.004547849999994469, 0.004204805000028955, 0.004455961999951796, 0.004687129999979334, 0.004372221999972226, 0.00428989800002455, 0.004191660999993019, 0.003875086000050487, 0.004794994999997471, 0.004253074000018842]}, "scorers": {"train": {"Log Loss": [0.1705100704356253, 0.2530586290308968, 0.28034164377143095, 0.18047044898198858, 0.22229484504562178, 0.3316068629485274, 0.17769419571430267, 0.2642933917186112, 0.3493318722065417, 0.3238782767261006], "AUC": [0.991031746031746, 0.9757142857142856, 0.9708730158730158, 0.9877647058823529, 0.9777519379844961, 0.9488759689922481, 0.9868217054263566, 0.9681340085703155, 0.9544172932330828, 0.967991169977925], "Accuracy": [0.9572649572649573, 0.9273504273504274, 0.9102564102564102, 0.948936170212766, 0.923728813559322, 0.885593220338983, 0.9533898305084746, 0.9322033898305084, 0.8983050847457628, 0.9063829787234042], "F1": [0.9572649572649573, 0.9273504273504274, 0.9102564102564102, 0.948936170212766, 0.923728813559322, 0.885593220338983, 0.9533898305084746, 0.9322033898305084, 0.8983050847457628, 0.9063829787234041]}, "val": {"Log Loss": [0.34260160887502394, 0.38715045267611653, 0.40366803052254774, 0.28053397287101345, 0.3040165082777922, 0.3945977604897024, 0.34405120402115974, 0.43063300587997644, 0.49365601559716626, 0.517466990428572], "AUC": [0.9282296650717704, 0.8803827751196172, 0.9138755980861244, 0.9473684210526316, 0.9421052631578947, 0.868421052631579, 0.9157894736842105, 0.9141414141414141, 0.803030303030303, 0.7942583732057416], "Accuracy": [0.9, 0.8333333333333334, 0.8333333333333334, 0.896551724137931, 0.8620689655172413, 0.8275862068965517, 0.8620689655172413, 0.7931034482758621, 0.7931034482758621, 0.6666666666666666], "F1": [0.9, 0.8333333333333334, 0.8333333333333334, 0.896551724137931, 0.8620689655172413, 0.8275862068965517, 0.8620689655172413, 0.7931034482758621, 0.7931034482758621, 0.6666666666666666]}, "test": {"Log Loss": [0.5134974704433927, 0.35036876611731466, 0.38487758969339025, 0.38763405168623033, 0.29994440268315553, 0.4067796753045001, 0.405541967800888, 0.4065430131872088, 0.44794518286482454, 0.5214861489985633], "AUC": [0.8229665071770335, 0.9282296650717703, 0.8995215311004785, 0.9043062200956937, 0.9473684210526315, 0.9210526315789473, 0.8473684210526317, 0.8736842105263158, 0.9040404040404041, 0.7676767676767677], "Accuracy": [0.8, 0.8, 0.9333333333333333, 0.7333333333333333, 0.896551724137931, 0.7931034482758621, 0.896551724137931, 0.8275862068965517, 0.7586206896551724, 0.8275862068965517], "F1": [0.8000000000000002, 0.8000000000000002, 0.9333333333333333, 0.7333333333333333, 0.896551724137931, 0.7931034482758621, 0.896551724137931, 0.8275862068965517, 0.7586206896551724, 0.8275862068965517]}}}