{
    "dataset_name": "openml__jasmine__168911",
    "averages": {
        "train_averages": {
            "Log Loss": 0.27334686705948535,
            "AUC": 0.9973308038689535,
            "Accuracy": 0.9555999999999999,
            "F1": 0.9555999999999999
        },
        "val_averages": {
            "Log Loss": 0.4377646401127751,
            "AUC": 0.8604710598621684,
            "Accuracy": 0.8029449395075305,
            "F1": 0.8029449395075305
        },
        "test_averages": {
            "Log Loss": 0.4398300505032816,
            "AUC": 0.8573223128087323,
            "Accuracy": 0.802594779017306,
            "F1": 0.802594779017306
        },
        "average_train_time": 3.688054211300016
    }
}