{
    "dataset_name": "openml__kc1__3917",
    "averages": {
        "train_averages": {
            "Log Loss": 0.21831013153251771,
            "AUC": 0.9510032729298139,
            "Accuracy": 0.9335000000000001,
            "F1": 0.9335000000000001
        },
        "val_averages": {
            "Log Loss": 0.342876931284652,
            "AUC": 0.8147386432589026,
            "Accuracy": 0.8610697359512527,
            "F1": 0.8610697359512525
        },
        "test_averages": {
            "Log Loss": 0.34442193756059714,
            "AUC": 0.8132639449624612,
            "Accuracy": 0.8548995712028887,
            "F1": 0.8548995712028887
        },
        "average_train_time": 5.642974911900001
    }
}