{
    "dataset_name": "openml__lymph__10",
    "averages": {
        "train_averages": {
            "Log Loss": 0.34213590780504133,
            "AUC": 0.9602437005785219,
            "Accuracy": 0.8749521673076011,
            "F1": 0.8623717330719731
        },
        "val_averages": {
            "Log Loss": 0.7025219131340245,
            "AUC": 0.894973544973545,
            "Accuracy": 0.7890476190476191,
            "F1": 0.7668251661192838
        },
        "test_averages": {
            "Log Loss": 0.7088902863520894,
            "AUC": 0.894047619047619,
            "Accuracy": 0.7761904761904762,
            "F1": 0.7526331799149137
        },
        "average_train_time": 2.0484687720999775
    }
}