{"dataset": {"name": "openml__lymph__10", "cat_idx": [0, 1, 2, 3, 4, 5, 6, 7, 10, 11, 12, 13, 14, 15, 16], "cat_dims": [4, 2, 2, 2, 2, 2, 2, 2, 3, 4, 4, 8, 3, 2, 2], "target_type": "classification", "num_classes": 4, "num_features": 18, "num_instances": 148, "split_source": "openml"}, "scaler": "None", "model": {"name": "CatBoost", "params": {"learning_rate": 0.13211992575559842, "max_depth": 2, "l2_leaf_reg": 10.210859037440366, "iterations": 100, "od_type": "Iter", "od_wait": 20, "verbose": 100, "train_dir": "output/CatBoost/openml__lymph__10/catboost_info", "task_type": "GPU", "devices": [[0]], "cat_features": [0, 1, 2, 3, 4, 5, 6, 7, 10, 11, 12, 13, 14, 15, 16]}, "args": {"model_name": "CatBoost", "batch_size": 128, "scale_numerical_features": "None", "val_batch_size": 256, "objective": "classification", "gpu_ids": [0], "use_gpu": true, "epochs": 100, "data_parallel": true, "early_stopping_rounds": 20, "dataset": "openml__lymph__10", "cat_idx": [0, 1, 2, 3, 4, 5, 6, 7, 10, 11, 12, 13, 14, 15, 16], "num_features": 18, "subset_features": -1, "subset_rows": 1000, "subset_features_method": "random", "subset_rows_method": "random", "cat_dims": [4, 2, 2, 2, 2, 2, 2, 2, 3, 4, 4, 8, 3, 2, 2], "num_classes": 4, "logging_period": 100}}, "experiemnt_args": {"experiment_config": "tabzilla_experiment_config_a100.yml", "output_dir": "./results/CatBoost/openml__lymph__10", "write_predictions": false, "use_gpu": true, "gpu_ids": [0], "data_parallel": true, "n_random_trials": 30, "hparam_seed": 0, "n_opt_trials": 1, "batch_size": 128, "val_batch_size": 256, "scale_numerical_features": "None", "early_stopping_rounds": 20, "epochs": 100, "logging_period": 100, "experiment_time_limit": 18000, "trial_time_limit": 7200, "subset_rows": 1000, "subset_features": -1, "subset_rows_method": "random", "subset_features_method": "random", "subset_random_seed": 0}, "hparam_source": "sampler_30", "trial_number": 30, "exception": "None", "timers": {"train": [2.2847673999999643, 2.1329050639999423, 2.2224231349998718, 1.962663349999957, 2.206217395000067, 1.711724280999988, 1.657489639000005, 1.9148578950000683, 2.199284013999886, 2.192355548000023], "val": [0.002846275000138121, 0.0026791110001340712, 0.002712043999963498, 0.0026806810001289705, 0.0030216679999739426, 0.0025017949999437405, 0.0025859739998850273, 0.0026554739999937738, 0.0030339949998960947, 0.0029636639999353065], "test": [0.0024535040001865127, 0.002750405000142564, 0.0026049220000459172, 0.00276468299989574, 0.003184620999945764, 0.0024883859998681146, 0.002193174000012732, 0.0026929719999770896, 0.0025932749999810767, 0.0023910630000045785], "train-eval": [0.004517334999945888, 0.0045323370000005525, 0.004633704000070793, 0.0049615210000411025, 0.005458719999978712, 0.004129154999873208, 0.0044528440000703995, 0.004755829000032463, 0.004839329000105863, 0.004711653999947885]}, "scorers": {"train": {"Log Loss": [0.3159469911008438, 0.34660021716062456, 0.34658354525182583, 0.3636956909130195, 0.33188451194581203, 0.40333545630989226, 0.33991747004276746, 0.351268696514191, 0.3120232010741899, 0.3101032977372473], "AUC": [0.975796308106576, 0.9583987441130298, 0.9672422815279959, 0.97145473574045, 0.9762909544159545, 0.9469350961538461, 0.9782182103610676, 0.8701072736787023, 0.9754120879120879, 0.9825813137755102], "Accuracy": [0.8559322033898306, 0.8305084745762712, 0.8728813559322034, 0.8898305084745762, 0.8728813559322034, 0.864406779661017, 0.8983050847457628, 0.8739495798319328, 0.8916666666666667, 0.8991596638655462], "F1": [0.8368166178157257, 0.8153972599193636, 0.8578890600924498, 0.8741271412947108, 0.8643995433055672, 0.8539135031552516, 0.8828864920390345, 0.8632469253451667, 0.8840879680116321, 0.8909528197408298]}, "val": {"Log Loss": [0.482826752704271, 0.5370641178177601, 0.46134637077307666, 0.533359719322334, 0.2471322467378379, 0.529311394333249, 2.825286894081186, 0.5304235590842319, 0.43170015864645633, 0.4467679178398408], "AUC": [0.96875, 0.9027777777777777, 0.9166666666666666, 0.9270833333333334, 0.9821428571428572, 0.9375, 0.59375, 0.8229166666666666, 1.0, 0.8981481481481481], "Accuracy": [0.7333333333333333, 0.7333333333333333, 0.8, 0.8666666666666667, 0.9333333333333333, 0.8, 0.8, 0.6428571428571429, 0.7142857142857143, 0.8666666666666667], "F1": [0.7102564102564102, 0.7058823529411765, 0.764983164983165, 0.8352941176470589, 0.9327300150829563, 0.7743589743589744, 0.7695238095238094, 0.6371275783040489, 0.6714285714285715, 0.8666666666666667]}, "test": {"Log Loss": [0.4579109903761237, 0.4359951873452992, 0.5158460988362763, 0.5135147900885069, 0.5448522155371147, 0.30549207790114274, 2.7339142495930258, 0.6432491494203441, 0.48690858860462743, 0.45121951581843245], "AUC": [0.8333333333333334, 0.9965277777777778, 0.9027777777777777, 0.888888888888889, 0.9305555555555557, 0.9821428571428572, 0.65625, 0.9166666666666666, 0.8333333333333333, 1.0], "Accuracy": [0.6666666666666666, 0.7333333333333333, 0.7333333333333333, 0.8, 0.8666666666666667, 0.9333333333333333, 0.8, 0.8, 0.7142857142857143, 0.7142857142857143], "F1": [0.6602870813397127, 0.7102564102564102, 0.7058823529411765, 0.764983164983165, 0.8352941176470589, 0.9327300150829563, 0.7743589743589744, 0.7695238095238094, 0.7015873015873015, 0.6714285714285715]}}}