{
    "dataset_name": "openml__mfeat-fourier__14",
    "averages": {
        "train_averages": {
            "Log Loss": 0.39444877715551796,
            "AUC": 0.993809942651891,
            "Accuracy": 0.9005000000000003,
            "F1": 0.8998473884164376
        },
        "val_averages": {
            "Log Loss": 0.5627617024564671,
            "AUC": 0.9771055555555554,
            "Accuracy": 0.7935,
            "F1": 0.7899880848509715
        },
        "test_averages": {
            "Log Loss": 0.5525026753178583,
            "AUC": 0.9780055555555555,
            "Accuracy": 0.7979999999999999,
            "F1": 0.7943168029398472
        },
        "average_train_time": 1.0557746270999928
    }
}