{
    "dataset_name": "openml__mfeat-zernike__22",
    "averages": {
        "train_averages": {
            "Log Loss": 0.38285541341404994,
            "AUC": 0.9925986404956021,
            "Accuracy": 0.9019999999999999,
            "F1": 0.9002935146800881
        },
        "val_averages": {
            "Log Loss": 0.5723047957173936,
            "AUC": 0.9739666666666666,
            "Accuracy": 0.7745000000000001,
            "F1": 0.7679051852628955
        },
        "test_averages": {
            "Log Loss": 0.569076785927913,
            "AUC": 0.9749388888888889,
            "Accuracy": 0.7765000000000001,
            "F1": 0.7707466634032712
        },
        "average_train_time": 1.0178463046000048
    }
}