{
    "dataset_name": "openml__monks-problems-2__146065",
    "averages": {
        "train_averages": {
            "Log Loss": 0.6223956715761866,
            "AUC": 0.7053548136457307,
            "Accuracy": 0.6572379591129591,
            "F1": 0.6572379591129591
        },
        "val_averages": {
            "Log Loss": 0.6329894043762034,
            "AUC": 0.6187152777777777,
            "Accuracy": 0.6572404371584699,
            "F1": 0.6572404371584699
        },
        "test_averages": {
            "Log Loss": 0.6329568657889069,
            "AUC": 0.6154697039072039,
            "Accuracy": 0.65724043715847,
            "F1": 0.65724043715847
        },
        "average_train_time": 0.7442963744999986
    }
}