{"dataset": {"name": "openml__monks-problems-2__146065", "cat_idx": [0, 1, 2, 3, 4, 5], "cat_dims": [3, 3, 2, 3, 4, 2], "target_type": "binary", "num_classes": 1, "num_features": 6, "num_instances": 601, "split_source": "openml"}, "scaler": "None", "model": {"name": "CatBoost", "params": {"learning_rate": 0.027074415527507417, "max_depth": 2, "l2_leaf_reg": 1.5091003524062219, "iterations": 100, "od_type": "Iter", "od_wait": 20, "verbose": 100, "train_dir": "output/CatBoost/openml__monks-problems-2__146065/catboost_info", "task_type": "GPU", "devices": [[0]], "cat_features": [0, 1, 2, 3, 4, 5]}, "args": {"model_name": "CatBoost", "batch_size": 128, "scale_numerical_features": "None", "val_batch_size": 256, "objective": "binary", "gpu_ids": [0], "use_gpu": true, "epochs": 100, "data_parallel": true, "early_stopping_rounds": 20, "dataset": "openml__monks-problems-2__146065", "cat_idx": [0, 1, 2, 3, 4, 5], "num_features": 6, "subset_features": -1, "subset_rows": 1000, "subset_features_method": "random", "subset_rows_method": "random", "cat_dims": [3, 3, 2, 3, 4, 2], "num_classes": 1, "logging_period": 100}}, "experiemnt_args": {"experiment_config": "tabzilla_experiment_config_a100.yml", "output_dir": "./results/CatBoost/openml__monks-problems-2__146065", "write_predictions": false, "use_gpu": true, "gpu_ids": [0], "data_parallel": true, "n_random_trials": 30, "hparam_seed": 0, "n_opt_trials": 1, "batch_size": 128, "val_batch_size": 256, "scale_numerical_features": "None", "early_stopping_rounds": 20, "epochs": 100, "logging_period": 100, "experiment_time_limit": 18000, "trial_time_limit": 7200, "subset_rows": 1000, "subset_features": -1, "subset_rows_method": "random", "subset_features_method": "random", "subset_random_seed": 0}, "hparam_source": "sampler_30", "trial_number": 30, "exception": "None", "timers": {"train": [0.7113101380000444, 0.709966407999957, 0.7209365150000053, 0.7692929010000285, 0.8286285099999873, 0.7238406849999706, 0.7429679790000137, 0.7483573659999934, 0.7342793980000124, 0.7533838449999735], "val": [0.0025901299999873117, 0.0025401739999892925, 0.002690018999999211, 0.0027343869999754133, 0.0029606490000446684, 0.0027326449999804936, 0.002973543000052814, 0.0023603839999850607, 0.0025814370000034614, 0.002910222000025442], "test": [0.0024612349999983962, 0.0024115820000361055, 0.0025963919999867358, 0.0024042969999982233, 0.0026802850000535727, 0.002711471999987225, 0.0024668379999752688, 0.0026742800000079114, 0.002379450999967503, 0.0024222060000056445], "train-eval": [0.005125485999997181, 0.0051658489999795165, 0.005280335999998442, 0.004798800000003212, 0.006025346000001264, 0.004726334999986648, 0.004778393000037795, 0.005131138000024293, 0.005333555000049728, 0.004777052999997977]}, "scorers": {"train": {"Log Loss": [0.619543192276327, 0.631636289912274, 0.6236203258858234, 0.6283108344650352, 0.6255636226676059, 0.6160033476429554, 0.6226427906899954, 0.6285066836592845, 0.6100192611301588, 0.6181103674324059], "AUC": [0.6909090909090909, 0.6326066169439664, 0.7099636641805316, 0.680617708930962, 0.6907364787111623, 0.7776698468877433, 0.721551127183196, 0.6744921905055012, 0.7623586212202816, 0.7126427909848718], "Accuracy": [0.65625, 0.6548856548856549, 0.6548856548856549, 0.6548856548856549, 0.656964656964657, 0.659043659043659, 0.659043659043659, 0.659043659043659, 0.659043659043659, 0.6583333333333333], "F1": [0.65625, 0.6548856548856549, 0.6548856548856549, 0.6548856548856549, 0.656964656964657, 0.659043659043659, 0.659043659043659, 0.659043659043659, 0.659043659043659, 0.6583333333333333]}, "val": {"Log Loss": [0.626618943584993, 0.61778570545626, 0.629671003706157, 0.631712438741505, 0.6508146991647301, 0.6291761907102749, 0.6246849006131058, 0.642760979547112, 0.6443609822979705, 0.632308199939926], "AUC": [0.55375, 0.67, 0.64125, 0.594375, 0.5091575091575091, 0.702075702075702, 0.7777777777777777, 0.5573870573870574, 0.5647130647130647, 0.6166666666666666], "Accuracy": [0.6666666666666666, 0.6666666666666666, 0.6666666666666666, 0.6666666666666666, 0.65, 0.65, 0.65, 0.65, 0.65, 0.6557377049180327], "F1": [0.6666666666666666, 0.6666666666666666, 0.6666666666666666, 0.6666666666666666, 0.65, 0.65, 0.65, 0.65, 0.65, 0.6557377049180327]}, "test": {"Log Loss": [0.6324034875461106, 0.6303254986726865, 0.6234442264329078, 0.6379542182849909, 0.6173638474920973, 0.6332837716397732, 0.6364355847545629, 0.6330895628706376, 0.6393074886304846, 0.6459609715648177], "AUC": [0.5797619047619047, 0.57125, 0.6499999999999999, 0.529375, 0.6900000000000001, 0.7435897435897435, 0.6117216117216118, 0.6794871794871794, 0.605006105006105, 0.49450549450549447], "Accuracy": [0.6557377049180327, 0.6666666666666666, 0.6666666666666666, 0.6666666666666666, 0.6666666666666666, 0.65, 0.65, 0.65, 0.65, 0.65], "F1": [0.6557377049180327, 0.6666666666666666, 0.6666666666666666, 0.6666666666666666, 0.6666666666666666, 0.65, 0.65, 0.65, 0.65, 0.65]}}}