{
    "dataset_name": "openml__nomao__9977",
    "averages": {
        "train_averages": {
            "Log Loss": 0.02583999423871603,
            "AUC": 0.9999949777193367,
            "Accuracy": 0.9992999999999999,
            "F1": 0.9992999999999999
        },
        "val_averages": {
            "Log Loss": 0.14910842216701745,
            "AUC": 0.9832602644105289,
            "Accuracy": 0.9429000000000001,
            "F1": 0.9429000000000001
        },
        "test_averages": {
            "Log Loss": 0.15100805910614262,
            "AUC": 0.9836208195285681,
            "Accuracy": 0.9424999999999999,
            "F1": 0.9424999999999999
        },
        "average_train_time": 3.803485263900029
    }
}