{"dataset": {"name": "openml__nomao__9977", "cat_idx": [6, 7, 14, 15, 22, 23, 30, 31, 38, 39, 46, 47, 54, 55, 62, 63, 70, 71, 78, 79, 86, 87, 91, 95, 99, 103, 107, 111, 115], "cat_dims": [2, 2, 3, 3, 3, 3, 3, 3, 3, 3, 3, 3, 3, 3, 3, 3, 3, 3, 3, 3, 3, 3, 3, 3, 3, 3, 3, 3, 3], "target_type": "binary", "num_classes": 1, "num_features": 118, "num_instances": 34465, "split_source": "openml"}, "scaler": "None", "model": {"name": "CatBoost", "params": {"learning_rate": 0.1835240762630886, "max_depth": 10, "l2_leaf_reg": 1.5741271812032747, "iterations": 100, "od_type": "Iter", "od_wait": 20, "verbose": 100, "train_dir": "output/CatBoost/openml__nomao__9977/catboost_info", "task_type": "GPU", "devices": [[0]], "cat_features": [6, 7, 14, 15, 22, 23, 30, 31, 38, 39, 46, 47, 54, 55, 62, 63, 70, 71, 78, 79, 86, 87, 91, 95, 99, 103, 107, 111, 115]}, "args": {"model_name": "CatBoost", "batch_size": 128, "scale_numerical_features": "None", "val_batch_size": 256, "objective": "binary", "gpu_ids": [0], "use_gpu": true, "epochs": 100, "data_parallel": true, "early_stopping_rounds": 20, "dataset": "openml__nomao__9977", "cat_idx": [6, 7, 14, 15, 22, 23, 30, 31, 38, 39, 46, 47, 54, 55, 62, 63, 70, 71, 78, 79, 86, 87, 91, 95, 99, 103, 107, 111, 115], "num_features": 118, "subset_features": -1, "subset_rows": 1000, "subset_features_method": "random", "subset_rows_method": "random", "cat_dims": [2, 2, 3, 3, 3, 3, 3, 3, 3, 3, 3, 3, 3, 3, 3, 3, 3, 3, 3, 3, 3, 3, 3, 3, 3, 3, 3, 3, 3], "num_classes": 1, "logging_period": 100}}, "experiemnt_args": {"experiment_config": "tabzilla_experiment_config_a100.yml", "output_dir": "./results/CatBoost/openml__nomao__9977", "write_predictions": false, "use_gpu": true, "gpu_ids": [0], "data_parallel": true, "n_random_trials": 30, "hparam_seed": 0, "n_opt_trials": 1, "batch_size": 128, "val_batch_size": 256, "scale_numerical_features": "None", "early_stopping_rounds": 20, "epochs": 100, "logging_period": 100, "experiment_time_limit": 18000, "trial_time_limit": 7200, "subset_rows": 1000, "subset_features": -1, "subset_rows_method": "random", "subset_features_method": "random", "subset_random_seed": 0}, "hparam_source": "sampler_30", "trial_number": 30, "exception": "None", "timers": {"train": [3.4020310609998887, 4.523323304000087, 3.5586478939999324, 3.1217210150000483, 3.102364367000064, 3.038699078000036, 6.257514404000176, 3.44987029899994, 4.115363393000052, 3.465317824000067], "val": [0.04034915100010039, 0.04132923299994218, 0.04380434800009425, 0.04128250799999478, 0.04224907000002531, 0.041754466999918805, 0.04129465200003324, 0.039045818999966286, 0.0432175799999186, 0.042934602000059385], "test": [0.0389477399999123, 0.03980997600001501, 0.047964628000045195, 0.04026277299999492, 0.040279598000097394, 0.03984179799999765, 0.040592152000044734, 0.039236922000100094, 0.04396354899995458, 0.04398310300007324], "train-eval": [0.048782568999968134, 0.048777751999978136, 0.04964763399993899, 0.049337059999970734, 0.04883538000012777, 0.051658329000019876, 0.06619734799983235, 0.047717900999941776, 0.056795489000023736, 0.05921009899998353]}, "scorers": {"train": {"Log Loss": [0.027182568256215244, 0.014225513057556526, 0.028092116124185634, 0.03950808804408961, 0.034158003389994904, 0.03672327654328716, 0.007119061571441633, 0.029769343053765506, 0.02334388175811864, 0.018278090588505456], "AUC": [1.0, 1.0, 1.0, 0.999949777193367, 1.0, 1.0, 1.0, 1.0, 1.0, 1.0], "Accuracy": [1.0, 1.0, 1.0, 0.994, 1.0, 0.999, 1.0, 1.0, 1.0, 1.0], "F1": [1.0, 1.0, 1.0, 0.994, 1.0, 0.999, 1.0, 1.0, 1.0, 1.0]}, "val": {"Log Loss": [0.1465970615912151, 0.1546351675147983, 0.13479634510773508, 0.15066017616818192, 0.16242647164920304, 0.1861188475300561, 0.10025062593339462, 0.1548295138963785, 0.14138369146502208, 0.15938632081418969], "AUC": [0.9835842642059252, 0.9839485186983974, 0.9860563380281689, 0.9830014570179699, 0.9816512870325401, 0.9735211267605635, 0.9924769305488101, 0.9817532782904322, 0.9858863525983487, 0.9807230909241333], "Accuracy": [0.944, 0.938, 0.949, 0.941, 0.938, 0.927, 0.963, 0.944, 0.947, 0.938], "F1": [0.944, 0.938, 0.949, 0.941, 0.938, 0.927, 0.963, 0.944, 0.9469999999999998, 0.938]}, "test": {"Log Loss": [0.1429944164885024, 0.14861647084886045, 0.15122072745028667, 0.13683758885831007, 0.1462731433389335, 0.15132869747170435, 0.20549721203796156, 0.10888901510188417, 0.15729447955925344, 0.16112883990572932], "AUC": [0.9840080981511493, 0.9838416707139388, 0.9835356969402622, 0.9858814958717824, 0.9844487615347256, 0.9835454103933948, 0.975264691597863, 0.991850412821758, 0.9825352112676057, 0.9812967459932006], "Accuracy": [0.947, 0.948, 0.939, 0.95, 0.943, 0.932, 0.937, 0.954, 0.941, 0.934], "F1": [0.9469999999999998, 0.948, 0.939, 0.9500000000000001, 0.943, 0.932, 0.937, 0.954, 0.941, 0.934]}}}