{
    "dataset_name": "openml__phoneme__9952",
    "averages": {
        "train_averages": {
            "Log Loss": 0.42688449915556836,
            "AUC": 0.9407408733822933,
            "Accuracy": 0.8779,
            "F1": 0.8779
        },
        "val_averages": {
            "Log Loss": 0.45810501636359435,
            "AUC": 0.8983528886953778,
            "Accuracy": 0.8247631272677485,
            "F1": 0.8247631272677485
        },
        "test_averages": {
            "Log Loss": 0.4577912093710751,
            "AUC": 0.899502276166633,
            "Accuracy": 0.8303190251249403,
            "F1": 0.83031902512494
        },
        "average_train_time": 0.6975479982000052
    }
}