{"dataset": {"name": "openml__profb__3561", "cat_idx": [3, 4, 7, 8], "cat_dims": [28, 28, 5, 2], "target_type": "binary", "num_classes": 1, "num_features": 9, "num_instances": 672, "split_source": "openml"}, "scaler": "None", "model": {"name": "CatBoost", "params": {"learning_rate": 0.012583390428427434, "max_depth": 7, "l2_leaf_reg": 20.337052494089146, "iterations": 100, "od_type": "Iter", "od_wait": 20, "verbose": 100, "train_dir": "output/CatBoost/openml__profb__3561/catboost_info", "task_type": "GPU", "devices": [[0]], "cat_features": [3, 4, 7, 8]}, "args": {"model_name": "CatBoost", "batch_size": 128, "scale_numerical_features": "None", "val_batch_size": 256, "objective": "binary", "gpu_ids": [0], "use_gpu": true, "epochs": 100, "data_parallel": true, "early_stopping_rounds": 20, "dataset": "openml__profb__3561", "cat_idx": [3, 4, 7, 8], "num_features": 9, "subset_features": -1, "subset_rows": 1000, "subset_features_method": "random", "subset_rows_method": "random", "cat_dims": [28, 28, 5, 2], "num_classes": 1, "logging_period": 100}}, "experiemnt_args": {"experiment_config": "tabzilla_experiment_config_a100.yml", "output_dir": "./results/CatBoost/openml__profb__3561", "write_predictions": false, "use_gpu": true, "gpu_ids": [0], "data_parallel": true, "n_random_trials": 30, "hparam_seed": 0, "n_opt_trials": 1, "batch_size": 128, "val_batch_size": 256, "scale_numerical_features": "None", "early_stopping_rounds": 20, "epochs": 100, "logging_period": 100, "experiment_time_limit": 18000, "trial_time_limit": 7200, "subset_rows": 1000, "subset_features": -1, "subset_rows_method": "random", "subset_features_method": "random", "subset_random_seed": 0}, "hparam_source": "sampler_30", "trial_number": 30, "exception": "None", "timers": {"train": [1.0914981949999856, 1.091148516999965, 1.0640352339999595, 1.1017434770000136, 1.0583190880000188, 1.0732819000000404, 1.114974067999981, 1.0809497770000007, 1.0359418849999997, 1.0614360049999618], "val": [0.002885980999963067, 0.002875814999981685, 0.0024380650000352944, 0.0025510620000090967, 0.0026464530000112063, 0.002841110000019853, 0.002765710999995008, 0.0024119089999885546, 0.0026254040000139867, 0.0023689559999979792], "test": [0.002435080999987349, 0.0026358400000390247, 0.002492873999983658, 0.0024618790000090485, 0.002579252000032284, 0.0024787809999793353, 0.0025859050000462958, 0.002536004999967645, 0.0027418480000278578, 0.0025488530000075116], "train-eval": [0.005131005999999161, 0.005137934000003952, 0.005382515999997395, 0.005579689999990478, 0.004909462000000531, 0.004877744999987499, 0.005083384000045044, 0.005186141000024236, 0.005050183000037123, 0.005114821999995911]}, "scorers": {"train": {"Log Loss": [0.6299951078243303, 0.6298117429102766, 0.6378256234348202, 0.6382348175717321, 0.6395332596035136, 0.636924711134745, 0.6396197566478782, 0.6404554830357374, 0.6367626329982721, 0.6312297949086098], "AUC": [0.7290345866549495, 0.7573889703816985, 0.7365145872129112, 0.7350093109869645, 0.7218653010552452, 0.7182184978274364, 0.737236188702669, 0.7603678747607414, 0.7230493133583021, 0.7266908703952928], "Accuracy": [0.6940298507462687, 0.7169459962756052, 0.7211895910780669, 0.6951672862453532, 0.7026022304832714, 0.7100371747211895, 0.671003717472119, 0.6951672862453532, 0.7267657992565055, 0.7318435754189944], "F1": [0.6940298507462687, 0.7169459962756052, 0.7211895910780669, 0.6951672862453532, 0.7026022304832714, 0.7100371747211895, 0.671003717472119, 0.6951672862453532, 0.7267657992565054, 0.7318435754189944]}, "val": {"Log Loss": [0.6524876666125358, 0.6395435012656575, 0.6486047924258541, 0.6436805434810507, 0.6478628297342925, 0.6487082164909306, 0.6376265814572804, 0.6472331739064808, 0.65924459287922, 0.6406481953586418], "AUC": [0.5768115942028985, 0.6626262626262627, 0.6161616161616161, 0.6353535353535353, 0.6787878787878788, 0.6303030303030304, 0.7515151515151516, 0.7055335968379447, 0.5681818181818181, 0.6753623188405797], "Accuracy": [0.6617647058823529, 0.6567164179104478, 0.6716417910447762, 0.6567164179104478, 0.6716417910447762, 0.6567164179104478, 0.6716417910447762, 0.6716417910447762, 0.6268656716417911, 0.6911764705882353], "F1": [0.6617647058823529, 0.6567164179104478, 0.6716417910447762, 0.6567164179104478, 0.6716417910447762, 0.6567164179104478, 0.6716417910447762, 0.6716417910447762, 0.6268656716417911, 0.6911764705882353]}, "test": {"Log Loss": [0.6390722151926241, 0.6501476070061729, 0.6442736978729279, 0.650107825490731, 0.6464381181359032, 0.6411132124291838, 0.6500478340683927, 0.636591122638086, 0.645633239137331, 0.6581119674501081], "AUC": [0.6705314009661836, 0.596135265700483, 0.6717171717171717, 0.5797979797979799, 0.6292929292929292, 0.7141414141414141, 0.6171717171717173, 0.7949494949494949, 0.674901185770751, 0.5543478260869565], "Accuracy": [0.6911764705882353, 0.6911764705882353, 0.6865671641791045, 0.6716417910447762, 0.6865671641791045, 0.6716417910447762, 0.6716417910447762, 0.7014925373134329, 0.6865671641791045, 0.6268656716417911], "F1": [0.6911764705882353, 0.6911764705882353, 0.6865671641791045, 0.6716417910447762, 0.6865671641791045, 0.6716417910447762, 0.6716417910447762, 0.7014925373134329, 0.6865671641791045, 0.6268656716417911]}}}