{
    "dataset_name": "openml__profb__3561",
    "averages": {
        "train_averages": {
            "Log Loss": 0.6360392930069914,
            "AUC": 0.7345375501336211,
            "Accuracy": 0.7064752507942728,
            "F1": 0.7064752507942728
        },
        "val_averages": {
            "Log Loss": 0.6465640093611944,
            "AUC": 0.6500636802810715,
            "Accuracy": 0.6636523266022827,
            "F1": 0.6636523266022827
        },
        "test_averages": {
            "Log Loss": 0.646153683942146,
            "AUC": 0.6502986385595081,
            "Accuracy": 0.6785338015803337,
            "F1": 0.6785338015803337
        },
        "average_train_time": 1.0773328145999925
    }
}