{
    "dataset_name": "openml__qsar-biodeg__9957",
    "averages": {
        "train_averages": {
            "Log Loss": 0.22392669672575866,
            "AUC": 0.9761630647877141,
            "Accuracy": 0.9257096912473655,
            "F1": 0.9257096912473655
        },
        "val_averages": {
            "Log Loss": 0.3156953380210039,
            "AUC": 0.930475401754905,
            "Accuracy": 0.876765498652291,
            "F1": 0.876765498652291
        },
        "test_averages": {
            "Log Loss": 0.33323622956671917,
            "AUC": 0.9224683032633342,
            "Accuracy": 0.8559568733153637,
            "F1": 0.8559568733153637
        },
        "average_train_time": 0.8748103067999864
    }
}