{"dataset": {"name": "openml__socmob__3797", "cat_idx": [0, 1, 2, 3], "cat_dims": [17, 17, 2, 2], "target_type": "binary", "num_classes": 1, "num_features": 5, "num_instances": 1156, "split_source": "openml"}, "scaler": "None", "model": {"name": "CatBoost", "params": {"learning_rate": 0.06627741929520055, "max_depth": 7, "l2_leaf_reg": 0.9230292913476753, "iterations": 100, "od_type": "Iter", "od_wait": 20, "verbose": 100, "train_dir": "output/CatBoost/openml__socmob__3797/catboost_info", "task_type": "GPU", "devices": [[0]], "cat_features": [0, 1, 2, 3]}, "args": {"model_name": "CatBoost", "batch_size": 128, "scale_numerical_features": "None", "val_batch_size": 256, "objective": "binary", "gpu_ids": [0], "use_gpu": true, "epochs": 100, "data_parallel": true, "early_stopping_rounds": 20, "dataset": "openml__socmob__3797", "cat_idx": [0, 1, 2, 3], "num_features": 5, "subset_features": -1, "subset_rows": 1000, "subset_features_method": "random", "subset_rows_method": "random", "cat_dims": [17, 17, 2, 2], "num_classes": 1, "logging_period": 100}}, "experiemnt_args": {"experiment_config": "tabzilla_experiment_config_a100.yml", "output_dir": "./results/CatBoost/openml__socmob__379", "write_predictions": false, "use_gpu": true, "gpu_ids": [0], "data_parallel": true, "n_random_trials": 30, "hparam_seed": 0, "n_opt_trials": 1, "batch_size": 128, "val_batch_size": 256, "scale_numerical_features": "None", "early_stopping_rounds": 20, "epochs": 100, "logging_period": 100, "experiment_time_limit": 18000, "trial_time_limit": 7200, "subset_rows": 1000, "subset_features": -1, "subset_rows_method": "random", "subset_features_method": "random", "subset_random_seed": 0}, "hparam_source": "sampler_30", "trial_number": 30, "exception": "None", "timers": {"train": [1.079332825999984, 1.0560052199999745, 1.1116298700000016, 1.0080329340000276, 1.0377769469999976, 1.0181156429999874, 1.140610396999989, 1.1150073339999835, 1.030941614000028, 1.0347290629999861], "val": [0.002679896000017834, 0.002569240000013906, 0.0026008479999859446, 0.0028771769999593744, 0.0025465880000297147, 0.00275955500001146, 0.0025003620000347837, 0.0029402899999695364, 0.0030132320000006985, 0.002715845000011541], "test": [0.0025734139999826766, 0.002947562999963793, 0.0025736300000289702, 0.0026149930000087807, 0.0026432680000425535, 0.002426792999983718, 0.002637676000006195, 0.002639659000010397, 0.002530730999978914, 0.002661157000034109], "train-eval": [0.005673714000010932, 0.005428965000021435, 0.00557404599999245, 0.00555638500003397, 0.005471589000023869, 0.0056281710000121166, 0.005861140999968484, 0.0056830020000120385, 0.0057982810000112295, 0.00554687300001433]}, "scorers": {"train": {"Log Loss": [0.10059692661685495, 0.0996273376519038, 0.09632876008238937, 0.09521674546921348, 0.08770405024553872, 0.0907815267105149, 0.10346947678801835, 0.10514787903388782, 0.10124367708327024, 0.09817616263650247], "AUC": [0.9936410675381263, 0.9935525599128541, 0.9943218954248366, 0.9940019063180828, 0.9953601579520697, 0.995199864498645, 0.993311758360302, 0.9923543689320388, 0.9931229773462783, 0.9935433604336043], "Accuracy": [0.9642857142857143, 0.9621212121212122, 0.9696969696969697, 0.9642857142857143, 0.9653679653679653, 0.9686486486486486, 0.9611231101511879, 0.9622030237580994, 0.9632829373650108, 0.9621621621621622], "F1": [0.9642857142857143, 0.9621212121212122, 0.9696969696969697, 0.9642857142857143, 0.9653679653679653, 0.9686486486486486, 0.9611231101511879, 0.9622030237580994, 0.9632829373650107, 0.9621621621621622]}, "val": {"Log Loss": [0.15155491015300418, 0.11985928463516846, 0.16147853232539924, 0.2151997801119554, 0.09471754939580486, 0.09803162852318398, 0.12234967966782546, 0.12372555358989037, 0.17771992813509363, 0.1464170674159954], "AUC": [0.982905982905983, 0.9880341880341881, 0.9803418803418804, 0.9594017094017093, 0.9978632478632479, 0.9942222222222221, 0.9884444444444445, 0.9893333333333333, 0.9724444444444444, 0.9871794871794872], "Accuracy": [0.9396551724137931, 0.9482758620689655, 0.9482758620689655, 0.9310344827586207, 0.9655172413793104, 0.9565217391304348, 0.9565217391304348, 0.9391304347826087, 0.9043478260869565, 0.9396551724137931], "F1": [0.9396551724137931, 0.9482758620689655, 0.9482758620689655, 0.9310344827586207, 0.9655172413793104, 0.9565217391304348, 0.9565217391304348, 0.9391304347826087, 0.9043478260869565, 0.9396551724137931]}, "test": {"Log Loss": [0.13420412279015012, 0.1464970358997764, 0.12563862771602502, 0.16944020405993812, 0.1785262684218966, 0.10453702063108435, 0.11652313473475939, 0.14950891332004235, 0.12026445088588589, 0.18347312765439078], "AUC": [0.9871794871794871, 0.9820512820512821, 0.9876068376068377, 0.9760683760683762, 0.9739316239316239, 0.9965811965811966, 0.9924444444444445, 0.9795555555555555, 0.9902222222222222, 0.9742222222222223], "Accuracy": [0.9310344827586207, 0.9310344827586207, 0.9482758620689655, 0.9224137931034483, 0.9396551724137931, 0.9568965517241379, 0.9478260869565217, 0.9391304347826087, 0.9478260869565217, 0.9130434782608695], "F1": [0.9310344827586207, 0.9310344827586207, 0.9482758620689655, 0.9224137931034483, 0.9396551724137931, 0.9568965517241379, 0.9478260869565217, 0.9391304347826087, 0.9478260869565217, 0.9130434782608695]}}}