{
    "dataset_name": "openml__socmob__3797",
    "averages": {
        "train_averages": {
            "Log Loss": 0.0978292542318094,
            "AUC": 0.9938409916716837,
            "Accuracy": 0.9643177457842684,
            "F1": 0.9643177457842684
        },
        "val_averages": {
            "Log Loss": 0.14110539139533212,
            "AUC": 0.984017094017094,
            "Accuracy": 0.9428935532233883,
            "F1": 0.9428935532233883
        },
        "test_averages": {
            "Log Loss": 0.1428612906113949,
            "AUC": 0.983986324786325,
            "Accuracy": 0.9377136431784108,
            "F1": 0.9377136431784108
        },
        "average_train_time": 1.063218184799996
    }
}