{
    "dataset_name": "openml__SpeedDating__146607",
    "averages": {
        "train_averages": {
            "Log Loss": 0.28252665062928584,
            "AUC": 0.8918254741241955,
            "Accuracy": 0.8826,
            "F1": 0.8826
        },
        "val_averages": {
            "Log Loss": 0.34092908092615115,
            "AUC": 0.8369098549539864,
            "Accuracy": 0.8539015919453211,
            "F1": 0.8539015919453211
        },
        "test_averages": {
            "Log Loss": 0.3416260525845235,
            "AUC": 0.8357117606637106,
            "Accuracy": 0.8515145293881148,
            "F1": 0.8515145293881148
        },
        "average_train_time": 1.6292329018000147
    }
}