{"dataset": {"name": "openml__splice__45", "cat_idx": [0, 1, 2, 3, 4, 5, 6, 7, 8, 9, 10, 11, 12, 13, 14, 15, 16, 17, 18, 19, 20, 21, 22, 23, 24, 25, 26, 27, 28, 29, 30, 31, 32, 33, 34, 35, 36, 37, 38, 39, 40, 41, 42, 43, 44, 45, 46, 47, 48, 49, 50, 51, 52, 53, 54, 55, 56, 57, 58, 59], "cat_dims": [5, 5, 4, 4, 4, 4, 4, 4, 4, 4, 4, 4, 4, 5, 4, 4, 4, 4, 5, 5, 5, 5, 5, 5, 5, 5, 5, 5, 5, 5, 5, 5, 5, 5, 6, 6, 5, 5, 5, 5, 5, 5, 5, 5, 5, 5, 5, 5, 5, 5, 5, 5, 5, 5, 5, 5, 5, 5, 5, 5], "target_type": "classification", "num_classes": 3, "num_features": 60, "num_instances": 3190, "split_source": "openml"}, "scaler": "None", "model": {"name": "CatBoost", "params": {"learning_rate": 0.11675191865535776, "max_depth": 4, "l2_leaf_reg": 0.56953156477142, "iterations": 100, "od_type": "Iter", "od_wait": 20, "verbose": 100, "train_dir": "output/CatBoost/openml__splice__45/catboost_info", "task_type": "GPU", "devices": [[0]], "cat_features": [0, 1, 2, 3, 4, 5, 6, 7, 8, 9, 10, 11, 12, 13, 14, 15, 16, 17, 18, 19, 20, 21, 22, 23, 24, 25, 26, 27, 28, 29, 30, 31, 32, 33, 34, 35, 36, 37, 38, 39, 40, 41, 42, 43, 44, 45, 46, 47, 48, 49, 50, 51, 52, 53, 54, 55, 56, 57, 58, 59]}, "args": {"model_name": "CatBoost", "batch_size": 128, "scale_numerical_features": "None", "val_batch_size": 256, "objective": "classification", "gpu_ids": [0], "use_gpu": true, "epochs": 100, "data_parallel": true, "early_stopping_rounds": 20, "dataset": "openml__splice__45", "cat_idx": [0, 1, 2, 3, 4, 5, 6, 7, 8, 9, 10, 11, 12, 13, 14, 15, 16, 17, 18, 19, 20, 21, 22, 23, 24, 25, 26, 27, 28, 29, 30, 31, 32, 33, 34, 35, 36, 37, 38, 39, 40, 41, 42, 43, 44, 45, 46, 47, 48, 49, 50, 51, 52, 53, 54, 55, 56, 57, 58, 59], "num_features": 60, "subset_features": -1, "subset_rows": 1000, "subset_features_method": "random", "subset_rows_method": "random", "cat_dims": [5, 5, 4, 4, 4, 4, 4, 4, 4, 4, 4, 4, 4, 5, 4, 4, 4, 4, 5, 5, 5, 5, 5, 5, 5, 5, 5, 5, 5, 5, 5, 5, 5, 5, 6, 6, 5, 5, 5, 5, 5, 5, 5, 5, 5, 5, 5, 5, 5, 5, 5, 5, 5, 5, 5, 5, 5, 5, 5, 5], "num_classes": 3, "logging_period": 100}}, "experiemnt_args": {"experiment_config": "tabzilla_experiment_config_a100.yml", "output_dir": "./results/CatBoost/openml__splice__45", "write_predictions": false, "use_gpu": true, "gpu_ids": [0], "data_parallel": true, "n_random_trials": 30, "hparam_seed": 0, "n_opt_trials": 1, "batch_size": 128, "val_batch_size": 256, "scale_numerical_features": "None", "early_stopping_rounds": 20, "epochs": 100, "logging_period": 100, "experiment_time_limit": 18000, "trial_time_limit": 7200, "subset_rows": 1000, "subset_features": -1, "subset_rows_method": "random", "subset_features_method": "random", "subset_random_seed": 0}, "hparam_source": "sampler_30", "trial_number": 30, "exception": "None", "timers": {"train": [2.6994435240001167, 2.754839293000032, 2.742837141999871, 2.7675786780000635, 2.7523827820000406, 2.7467597600000317, 2.704801331999988, 2.722642593000046, 2.7907333860000563, 2.782746141999951], "val": [0.012359353999954692, 0.012474859999883847, 0.012167450000106328, 0.012777587000073254, 0.012161775000095076, 0.012126898000133224, 0.012099076999902536, 0.012851487000034467, 0.012175201999980345, 0.012476197000069078], "test": [0.012168091000148706, 0.01216093500011084, 0.012142324000024018, 0.01556321799989746, 0.012044714000012391, 0.011735047000001941, 0.011855864000153815, 0.012373845999945843, 0.012046459000202958, 0.012046990000044389], "train-eval": [0.032781480000039664, 0.03331708299992897, 0.05219000300007792, 0.031601166999962516, 0.032436754000173096, 0.031533709000086674, 0.03172630700009904, 0.03350641300016832, 0.03180104200009737, 0.03280230699988351]}, "scorers": {"train": {"Log Loss": [0.12036494694098852, 0.1162037247844719, 0.11474078313729842, 0.11955696032094991, 0.1105514809190486, 0.09602258295611937, 0.09388902236900214, 0.08971206419377452, 0.10299369629362638, 0.12369132892428984], "AUC": [0.9961350966887791, 0.9962950380980549, 0.9969102125322179, 0.9961698004253461, 0.9966674835565698, 0.9978207630878438, 0.9980360558301996, 0.9979352403487275, 0.9969443810650555, 0.9959765355417529], "Accuracy": [0.964, 0.965, 0.964, 0.961, 0.969, 0.972, 0.974, 0.976, 0.971, 0.959], "F1": [0.9640744116537731, 0.9651644655584417, 0.9641092176016871, 0.9612226055810488, 0.9690275398746353, 0.9720479313340468, 0.9740682427070811, 0.9760517107516916, 0.9710680151072801, 0.9592632329989789]}, "val": {"Log Loss": [0.16541751493246432, 0.17981345804049695, 0.16381028735175315, 0.15732325408464953, 0.14350156034174083, 0.1803100671208815, 0.11395145105779723, 0.16306754828589662, 0.11253019468091179, 0.14554227936471048], "AUC": [0.9875939356458837, 0.9881299076104271, 0.9896178857217818, 0.9912033132812353, 0.9926266926901043, 0.9838576795219155, 0.9967415801277565, 0.9918385091974186, 0.9973719210402786, 0.9948782818912688], "Accuracy": [0.9498432601880877, 0.9341692789968652, 0.9467084639498433, 0.9561128526645768, 0.9529780564263323, 0.9529780564263323, 0.9655172413793104, 0.9373040752351097, 0.9592476489028213, 0.9529780564263323], "F1": [0.9502669960705095, 0.9344997583054281, 0.9469770574671494, 0.956275021691316, 0.9530840110777415, 0.9532088896704015, 0.9655140290160762, 0.9372719186430842, 0.9593155016352507, 0.953354282727746]}, "test": {"Log Loss": [0.15103616901201344, 0.17155482336141004, 0.1568733779572092, 0.16496408664961046, 0.15672281694008627, 0.13287128209145757, 0.1599764330109724, 0.1259446130867172, 0.16703779358682813, 0.1316106549821943], "AUC": [0.9942392383950827, 0.9864039279623696, 0.9913963381495848, 0.9908322557673207, 0.9905717658964411, 0.9932237494063747, 0.9860165199416944, 0.9951902620735847, 0.9902863333031373, 0.9960674893696453], "Accuracy": [0.9373040752351097, 0.9467084639498433, 0.9467084639498433, 0.9435736677115988, 0.9498432601880877, 0.9592476489028213, 0.9592476489028213, 0.9592476489028213, 0.9435736677115988, 0.9467084639498433], "F1": [0.9377716879396626, 0.9469795575250799, 0.9466368798519142, 0.9440800804833976, 0.9499308174394313, 0.9593719761170453, 0.9595810404270195, 0.9593313746107629, 0.944001444129777, 0.9471814295993629]}}}