{
    "dataset_name": "openml__splice__45",
    "averages": {
        "train_averages": {
            "Log Loss": 0.10877265908395697,
            "AUC": 0.9968890607174548,
            "Accuracy": 0.9674999999999999,
            "F1": 0.9676097373168664
        },
        "val_averages": {
            "Log Loss": 0.15252676152613026,
            "AUC": 0.991385970672807,
            "Accuracy": 0.9507836990595611,
            "F1": 0.9509767466304704
        },
        "test_averages": {
            "Log Loss": 0.15185920506784992,
            "AUC": 0.9914227880265235,
            "Accuracy": 0.949216300940439,
            "F1": 0.9494866288123452
        },
        "average_train_time": 2.7464764632000196
    }
}