{
    "dataset_name": "openml__vehicle__53",
    "averages": {
        "train_averages": {
            "Log Loss": 0.12929664134529725,
            "AUC": 0.9996807478119953,
            "Accuracy": 0.9958584245343947,
            "F1": 0.9958423875471926
        },
        "val_averages": {
            "Log Loss": 0.47431148594494477,
            "AUC": 0.9344882245706749,
            "Accuracy": 0.7624089635854341,
            "F1": 0.757694296162592
        },
        "test_averages": {
            "Log Loss": 0.49786752956851615,
            "AUC": 0.9312395350339642,
            "Accuracy": 0.7635434173669469,
            "F1": 0.756638663386533
        },
        "average_train_time": 1.204892369000015
    }
}