{
    "dataset_name": "openml__Australian__146818",
    "averages": {
        "train_averages": {
            "Log Loss": 0.2524693008367184,
            "AUC": 0.9630401220973923,
            "Accuracy": 0.9001811594202899,
            "F1": 0.9001811594202899
        },
        "val_averages": {
            "Log Loss": 0.34344982559590437,
            "AUC": 0.9298651197887192,
            "Accuracy": 0.863768115942029,
            "F1": 0.863768115942029
        },
        "test_averages": {
            "Log Loss": 0.34494383911617393,
            "AUC": 0.9291761351268992,
            "Accuracy": 0.8695652173913044,
            "F1": 0.8695652173913044
        }
    }
}