{"dataset": {"name": "openml__Australian__146818", "cat_idx": [0, 3, 4, 5, 7, 8, 10, 11], "cat_dims": [2, 3, 14, 8, 2, 2, 2, 3], "target_type": "binary", "num_classes": 1, "num_features": 14, "num_instances": 690, "split_source": "openml"}, "scaler": "Quantile", "model": {"name": "TabPFNModel", "params": {}, "args": {"model_name": "TabPFNModel", "batch_size": 128, "scale_numerical_features": "Quantile", "val_batch_size": 256, "objective": "binary", "gpu_ids": [0], "use_gpu": true, "epochs": 500, "data_parallel": true, "early_stopping_rounds": 20, "dataset": "openml__Australian__146818", "cat_idx": [0, 3, 4, 5, 7, 8, 10, 11], "num_features": 14, "subset_features": -1, "subset_rows": -1, "subset_features_method": "random", "subset_rows_method": "random", "cat_dims": [2, 3, 14, 8, 2, 2, 2, 3], "num_classes": 1, "logging_period": 100}}, "experiemnt_args": {"experiment_config": "tabzilla_experiment_config.yml", "output_dir": "./results/TabPFN_lasso/openml__Australian__146818", "write_predictions": false, "use_gpu": true, "gpu_ids": [0], "data_parallel": true, "n_random_trials": 30, "hparam_seed": 0, "n_opt_trials": 1, "batch_size": 128, "val_batch_size": 256, "scale_numerical_features": "Quantile", "early_stopping_rounds": 20, "epochs": 500, "logging_period": 100, "experiment_time_limit": 36000, "trial_time_limit": 7200, "subset_rows": -1, "subset_features": -1, "subset_rows_method": "random", "subset_features_method": "random", "subset_random_seed": 42}, "hparam_source": "sampler_30", "trial_number": 30, "exception": "None", "timers": {"train": [0.0028611789999786197, 0.0029378770000221266, 0.0027414449999696444, 0.003026487000056477, 0.0027782309999793142, 0.00283843700003672, 0.0028913989999637124, 0.0029473519999783093, 0.0031169809999482823, 0.002753626000071563], "val": [0.6317221319999362, 0.619092591000026, 0.615114487000028, 0.6199178929999789, 0.6224574269999721, 0.6244708640000454, 0.6241425539999454, 0.6322843969999212, 0.622932680999952, 0.6206497160000026], "test": [0.616592374999982, 0.6146446830000514, 0.6069376160000957, 0.6206064199999446, 0.6330939660000467, 0.6129025589999628, 0.6224740540000084, 0.6330589599999712, 0.6226855260000548, 0.6207896580000352], "train-eval": [0.8700229550000813, 0.8622024320000037, 0.8559553860000051, 0.8718349210000724, 0.871237140000062, 0.8643893650000791, 0.8657886099999814, 0.880722498999944, 0.8720419429999993, 0.8699434139999767]}, "scorers": {"train": {"Log Loss": [0.24299793645681628, 0.2312392100643954, 0.25433636593078157, 0.2958306156341985, 0.19812686747305275, 0.2643058171170843, 0.2650978290235391, 0.271504642427636, 0.25225927398413356, 0.24899445025554684], "AUC": [0.9657382171109486, 0.9706441534268431, 0.9656983314498437, 0.9437146845708968, 0.9786744665292828, 0.9615036894236523, 0.9574565598597163, 0.9560761930045796, 0.9653149266609147, 0.9655799989372443], "Accuracy": [0.9003623188405797, 0.9112318840579711, 0.8967391304347826, 0.8858695652173914, 0.9239130434782609, 0.9039855072463768, 0.8913043478260869, 0.8913043478260869, 0.9021739130434783, 0.894927536231884], "F1": [0.9003623188405797, 0.9112318840579711, 0.8967391304347826, 0.8858695652173914, 0.9239130434782609, 0.9039855072463768, 0.8913043478260869, 0.8913043478260869, 0.9021739130434784, 0.894927536231884]}, "val": {"Log Loss": [0.3807613899257154, 0.4403621652478019, 0.3919327775818234, 0.287393510201668, 0.2561351688090482, 0.39262268685872115, 0.37648442654075603, 0.2857135286047347, 0.37010108270028014, 0.25299151948849496], "AUC": [0.9269949066213922, 0.899830220713073, 0.9185059422750425, 0.9499151103565364, 0.9617996604414261, 0.8934634974533107, 0.9179487179487179, 0.9487179487179487, 0.9222222222222222, 0.9592529711375213], "Accuracy": [0.8405797101449275, 0.8260869565217391, 0.7971014492753623, 0.8840579710144928, 0.8840579710144928, 0.9130434782608695, 0.8985507246376812, 0.8695652173913043, 0.8405797101449275, 0.8840579710144928], "F1": [0.8405797101449275, 0.8260869565217391, 0.7971014492753623, 0.8840579710144928, 0.8840579710144928, 0.9130434782608695, 0.8985507246376812, 0.8695652173913043, 0.8405797101449275, 0.8840579710144928]}, "test": {"Log Loss": [0.23562286476135727, 0.37648059039498627, 0.4707355987185594, 0.36075575023045753, 0.3057991829992023, 0.23477094731314282, 0.42483501400795665, 0.376866464294674, 0.2957583080894504, 0.3678136703519524], "AUC": [0.9601018675721562, 0.932937181663837, 0.8947368421052632, 0.9210526315789475, 0.9482173174872666, 0.966044142614601, 0.8943123938879457, 0.9136752136752138, 0.9427350427350427, 0.9179487179487179], "Accuracy": [0.9130434782608695, 0.8405797101449275, 0.8115942028985508, 0.8405797101449275, 0.8695652173913043, 0.8695652173913043, 0.8840579710144928, 0.9420289855072463, 0.8695652173913043, 0.855072463768116], "F1": [0.9130434782608695, 0.8405797101449275, 0.8115942028985508, 0.8405797101449275, 0.8695652173913043, 0.8695652173913043, 0.8840579710144928, 0.9420289855072463, 0.8695652173913043, 0.855072463768116]}}}