{"dataset": {"name": "openml__colic__27", "cat_idx": [0, 1, 5, 6, 7, 8, 9, 10, 11, 12, 13, 15, 16, 19, 21], "cat_dims": [3, 2, 5, 5, 7, 4, 6, 5, 5, 4, 4, 5, 6, 4, 4], "target_type": "binary", "num_classes": 1, "num_features": 22, "num_instances": 368, "split_source": "openml"}, "scaler": "Quantile", "model": {"name": "TabPFNModel", "params": {}, "args": {"model_name": "TabPFNModel", "batch_size": 128, "scale_numerical_features": "Quantile", "val_batch_size": 256, "objective": "binary", "gpu_ids": [0], "use_gpu": true, "epochs": 500, "data_parallel": true, "early_stopping_rounds": 20, "dataset": "openml__colic__27", "cat_idx": [0, 1, 5, 6, 7, 8, 9, 10, 11, 12, 13, 15, 16, 19, 21], "num_features": 22, "subset_features": -1, "subset_rows": -1, "subset_features_method": "random", "subset_rows_method": "random", "cat_dims": [3, 2, 5, 5, 7, 4, 6, 5, 5, 4, 4, 5, 6, 4, 4], "num_classes": 1, "logging_period": 100}}, "experiemnt_args": {"experiment_config": "tabzilla_experiment_config.yml", "output_dir": "./results/TabPFN_lasso/openml__colic__27", "write_predictions": false, "use_gpu": true, "gpu_ids": [0], "data_parallel": true, "n_random_trials": 30, "hparam_seed": 0, "n_opt_trials": 1, "batch_size": 128, "val_batch_size": 256, "scale_numerical_features": "Quantile", "early_stopping_rounds": 20, "epochs": 500, "logging_period": 100, "experiment_time_limit": 36000, "trial_time_limit": 7200, "subset_rows": -1, "subset_features": -1, "subset_rows_method": "random", "subset_features_method": "random", "subset_random_seed": 42}, "hparam_source": "sampler_30", "trial_number": 30, "exception": "None", "timers": {"train": [0.002698595000026671, 0.0027189989999669706, 0.0027083779999657054, 0.003185615000006692, 0.0028709669999784637, 0.002826284000036594, 0.0026904929999886917, 0.0026587929999664084, 0.002616759000034108, 0.0030062640000210195], "val": [0.28873292500003345, 0.27736113399998885, 0.2721025899999745, 0.2816895320000299, 0.30114531999998917, 0.28682740599998624, 0.27841605700001537, 0.2827583409999761, 0.2875708160000272, 0.29297847399999455], "test": [0.2851981659999865, 0.2783351699999912, 0.26724012200003244, 0.2841986820000102, 0.32167089999995824, 0.2847729579999623, 0.2770665809999855, 0.2853600710000137, 0.285392231000003, 0.29109755799998993], "train-eval": [0.5151461960000461, 0.5091771329999801, 0.494862119000004, 0.5244661410000049, 0.5230237110000076, 0.5132166370000277, 0.5058300520000216, 0.5178816719999872, 0.5154126160000487, 0.5257720089999793]}, "scorers": {"train": {"Log Loss": [0.18599543705987512, 0.12394446402700761, 0.17198675081879208, 0.11723280383248452, 0.07653524769491515, 0.14560324897703775, 0.11804821353486546, 0.1415794452553693, 0.1267379478312372, 0.14121516503906642], "AUC": [0.986808300395257, 0.9974708653607736, 0.9880276782158504, 0.9982576662684188, 0.9999502190362406, 0.9937275985663081, 0.996415770609319, 0.9933412252145606, 0.9963831867057673, 0.9953316953316953], "Accuracy": [0.9217687074829932, 0.9659863945578231, 0.9217687074829932, 0.9659863945578231, 0.9965986394557823, 0.9523809523809523, 0.9693877551020408, 0.9355932203389831, 0.9628378378378378, 0.9525423728813559], "F1": [0.9217687074829932, 0.9659863945578231, 0.9217687074829932, 0.9659863945578231, 0.9965986394557823, 0.9523809523809523, 0.9693877551020408, 0.9355932203389831, 0.9628378378378378, 0.9525423728813559]}, "val": {"Log Loss": [0.2945289839999645, 0.2883589306188921, 0.2799096690107298, 0.3851030535428889, 0.30108012666665046, 0.429419723696625, 0.6959368951713893, 0.5850193792480526, 0.4135178848387024, 0.39414668352092225], "AUC": [0.9294871794871795, 0.968944099378882, 0.9347826086956521, 0.922360248447205, 0.9409937888198757, 0.8540372670807453, 0.7329192546583851, 0.7525083612040134, 0.8729096989966555, 0.8846153846153846], "Accuracy": [0.8918918918918919, 0.8918918918918919, 0.8918918918918919, 0.8108108108108109, 0.8648648648648649, 0.8648648648648649, 0.7297297297297297, 0.8333333333333334, 0.9166666666666666, 0.8648648648648649], "F1": [0.8918918918918919, 0.8918918918918919, 0.8918918918918919, 0.8108108108108109, 0.8648648648648649, 0.8648648648648649, 0.7297297297297297, 0.8333333333333334, 0.9166666666666666, 0.8648648648648649]}, "test": {"Log Loss": [0.3552399254464545, 0.2968353388861229, 0.2542813727288314, 0.25093268232446125, 0.39265529044984027, 0.2497857569431551, 0.4503303612821437, 0.6697135515972402, 0.4980689195182186, 0.494131926046], "AUC": [0.9038461538461539, 0.9487179487179487, 0.968944099378882, 0.9565217391304348, 0.9254658385093167, 0.9689440993788819, 0.8602484472049688, 0.7577639751552795, 0.8160535117056856, 0.822742474916388], "Accuracy": [0.8918918918918919, 0.8918918918918919, 0.8918918918918919, 0.8918918918918919, 0.8378378378378378, 0.8918918918918919, 0.8108108108108109, 0.7567567567567568, 0.8333333333333334, 0.8055555555555556], "F1": [0.8918918918918919, 0.8918918918918919, 0.8918918918918919, 0.8918918918918919, 0.8378378378378378, 0.8918918918918919, 0.8108108108108109, 0.7567567567567567, 0.8333333333333334, 0.8055555555555556]}}}