{
    "dataset_name": "openml__colic__27",
    "averages": {
        "train_averages": {
            "Log Loss": 0.13488787240706507,
            "AUC": 0.994571420570419,
            "Accuracy": 0.9544850982078584,
            "F1": 0.9544850982078584
        },
        "val_averages": {
            "Log Loss": 0.4067021330314818,
            "AUC": 0.8793557891383976,
            "Accuracy": 0.856081081081081,
            "F1": 0.856081081081081
        },
        "test_averages": {
            "Log Loss": 0.39119751252224677,
            "AUC": 0.892924828794394,
            "Accuracy": 0.8503753753753754,
            "F1": 0.8503753753753754
        }
    }
}