{
    "dataset_name": "openml__colic__25",
    "averages": {
        "train_averages": {
            "Log Loss": 0.1474328618332324,
            "AUC": 0.9921709165268812,
            "Accuracy": 0.960971763877333,
            "F1": 0.960971763877333
        },
        "val_averages": {
            "Log Loss": 0.4094767280069725,
            "AUC": 0.8896420940170939,
            "Accuracy": 0.8448198198198199,
            "F1": 0.8448198198198199
        },
        "test_averages": {
            "Log Loss": 0.4161649355717385,
            "AUC": 0.8834540598290598,
            "Accuracy": 0.8206456456456458,
            "F1": 0.8206456456456458
        }
    }
}