{"dataset": {"name": "openml__colic__25", "cat_idx": [0, 1, 5, 6, 7, 8, 9, 10, 11, 12, 13, 15, 16, 19, 21, 22, 23, 24, 25], "cat_dims": [3, 2, 5, 5, 7, 4, 6, 5, 5, 4, 4, 5, 6, 4, 4, 2, 63, 8, 2], "target_type": "binary", "num_classes": 1, "num_features": 26, "num_instances": 368, "split_source": "openml"}, "scaler": "Quantile", "model": {"name": "TabPFNModel", "params": {}, "args": {"model_name": "TabPFNModel", "batch_size": 128, "scale_numerical_features": "Quantile", "val_batch_size": 256, "objective": "binary", "gpu_ids": [0], "use_gpu": true, "epochs": 500, "data_parallel": true, "early_stopping_rounds": 20, "dataset": "openml__colic__25", "cat_idx": [0, 1, 5, 6, 7, 8, 9, 10, 11, 12, 13, 15, 16, 19, 21, 22, 23, 24, 25], "num_features": 26, "subset_features": -1, "subset_rows": -1, "subset_features_method": "random", "subset_rows_method": "random", "cat_dims": [3, 2, 5, 5, 7, 4, 6, 5, 5, 4, 4, 5, 6, 4, 4, 2, 63, 8, 2], "num_classes": 1, "logging_period": 100}}, "experiemnt_args": {"experiment_config": "tabzilla_experiment_config.yml", "output_dir": "./results/TabPFN_lasso/openml__colic__25", "write_predictions": false, "use_gpu": true, "gpu_ids": [0], "data_parallel": true, "n_random_trials": 30, "hparam_seed": 0, "n_opt_trials": 1, "batch_size": 128, "val_batch_size": 256, "scale_numerical_features": "Quantile", "early_stopping_rounds": 20, "epochs": 500, "logging_period": 100, "experiment_time_limit": 36000, "trial_time_limit": 7200, "subset_rows": -1, "subset_features": -1, "subset_rows_method": "random", "subset_features_method": "random", "subset_random_seed": 42}, "hparam_source": "sampler_30", "trial_number": 30, "exception": "None", "timers": {"train": [0.002849642999990465, 0.002825583000003462, 0.002761727000006431, 0.0028826899999785383, 0.003297513000006802, 0.002762361999998575, 0.0026904020000415585, 0.002745346999972753, 0.002752373999953761, 0.002835817000004681], "val": [0.2941510339999809, 0.2833186760000217, 0.29465166699998235, 0.2889862380000068, 0.30963897300000554, 0.30673629800003255, 0.28810144499999524, 0.2830398219999779, 0.2802189940000517, 0.2892865399999778], "test": [0.2948210179999933, 0.28617240799997035, 0.2984302510000134, 0.28563492400002133, 0.3238535840000054, 0.3067246370000021, 0.2861672069999486, 0.28380744499997945, 0.28325218800000584, 0.2986146979999944], "train-eval": [0.5248691529999974, 0.5075712490000228, 0.5245332359999679, 0.5146082559999741, 0.5367653040000278, 0.5275242189999858, 0.5116271530000063, 0.5111054010000089, 0.5104500029999599, 0.5170666600000118]}, "scorers": {"train": {"Log Loss": [0.11871605973852856, 0.15088146278604128, 0.1465758171236661, 0.14706367834111708, 0.14006788075757698, 0.14144894086488166, 0.14396532013728844, 0.08523032601136886, 0.22251446009512668, 0.1778646724767283], "AUC": [0.9969845360824742, 0.9934536082474227, 0.99340206185567, 0.992048692048692, 0.9963556851311952, 0.9955226988754686, 0.9953665139525198, 0.999896928468357, 0.9727040816326531, 0.9859743589743589], "Accuracy": [0.9829931972789115, 0.9693877551020408, 0.9591836734693877, 0.9523809523809523, 0.9829931972789115, 0.9625850340136054, 0.9625850340136054, 0.9932203389830508, 0.9054054054054054, 0.9389830508474576], "F1": [0.9829931972789115, 0.9693877551020408, 0.9591836734693877, 0.9523809523809523, 0.9829931972789115, 0.9625850340136054, 0.9625850340136054, 0.9932203389830508, 0.9054054054054054, 0.9389830508474576]}, "val": {"Log Loss": [0.23403673746983467, 0.46255923041769487, 0.3794829645588459, 0.38209982954417326, 0.5398179697817862, 0.4969935089622952, 0.3184400122424261, 0.37010585601855417, 0.497219635227728, 0.41401153584638684], "AUC": [0.9633333333333334, 0.8766666666666667, 0.9, 0.9134615384615384, 0.8076923076923077, 0.8557692307692307, 0.9326923076923077, 0.8993055555555556, 0.8541666666666667, 0.8933333333333334], "Accuracy": [0.918918918918919, 0.8108108108108109, 0.8108108108108109, 0.8648648648648649, 0.8378378378378378, 0.8378378378378378, 0.918918918918919, 0.7777777777777778, 0.8055555555555556, 0.8648648648648649], "F1": [0.918918918918919, 0.8108108108108109, 0.8108108108108109, 0.8648648648648649, 0.8378378378378378, 0.8378378378378378, 0.918918918918919, 0.7777777777777778, 0.8055555555555556, 0.8648648648648649]}, "test": {"Log Loss": [0.40374799493715585, 0.22354762964124897, 0.532578081602685, 0.4060893773229481, 0.3032113451357282, 0.5513582057524489, 0.4765492461156633, 0.4495481448825556, 0.3431984061725935, 0.47182092415435783], "AUC": [0.8866666666666667, 0.97, 0.8533333333333333, 0.87, 0.9358974358974359, 0.8237179487179488, 0.8493589743589743, 0.8782051282051282, 0.8993055555555556, 0.8680555555555556], "Accuracy": [0.8378378378378378, 0.8918918918918919, 0.8108108108108109, 0.8108108108108109, 0.8648648648648649, 0.7567567567567568, 0.8378378378378378, 0.7567567567567568, 0.7777777777777778, 0.8611111111111112], "F1": [0.8378378378378378, 0.8918918918918919, 0.8108108108108109, 0.8108108108108109, 0.8648648648648649, 0.7567567567567567, 0.8378378378378378, 0.7567567567567567, 0.7777777777777778, 0.8611111111111112]}}}