{"dataset": {"name": "openml__credit-g__31", "cat_idx": [0, 2, 3, 5, 6, 8, 9, 11, 13, 14, 16, 18, 19], "cat_dims": [4, 5, 10, 5, 5, 4, 3, 4, 3, 3, 4, 2, 2], "target_type": "binary", "num_classes": 1, "num_features": 20, "num_instances": 1000, "split_source": "openml"}, "scaler": "Quantile", "model": {"name": "TabPFNModel", "params": {}, "args": {"model_name": "TabPFNModel", "batch_size": 128, "scale_numerical_features": "Quantile", "val_batch_size": 256, "objective": "binary", "gpu_ids": [0], "use_gpu": true, "epochs": 500, "data_parallel": true, "early_stopping_rounds": 20, "dataset": "openml__credit-g__31", "cat_idx": [0, 2, 3, 5, 6, 8, 9, 11, 13, 14, 16, 18, 19], "num_features": 20, "subset_features": -1, "subset_rows": -1, "subset_features_method": "random", "subset_rows_method": "random", "cat_dims": [4, 5, 10, 5, 5, 4, 3, 4, 3, 3, 4, 2, 2], "num_classes": 1, "logging_period": 100}}, "experiemnt_args": {"experiment_config": "tabzilla_experiment_config.yml", "output_dir": "./results/TabPFN_lasso/openml__credit-g__31", "write_predictions": false, "use_gpu": true, "gpu_ids": [0], "data_parallel": true, "n_random_trials": 30, "hparam_seed": 0, "n_opt_trials": 1, "batch_size": 128, "val_batch_size": 256, "scale_numerical_features": "Quantile", "early_stopping_rounds": 20, "epochs": 500, "logging_period": 100, "experiment_time_limit": 36000, "trial_time_limit": 7200, "subset_rows": -1, "subset_features": -1, "subset_rows_method": "random", "subset_features_method": "random", "subset_random_seed": 42}, "hparam_source": "sampler_30", "trial_number": 30, "exception": "None", "timers": {"train": [0.020628886000167768, 0.0221880169999622, 0.022497494000162988, 0.023455571000113196, 0.020507834000000003, 0.021197215000029246, 0.021528205000095113, 0.021768864000023314, 0.021455214000070555, 0.019497616000080598], "val": [0.9043054109999957, 0.9067367590000686, 0.9235440119998657, 0.9367766220000249, 0.9079809280001427, 0.9128050900001199, 0.9055080610000914, 0.9314719460001015, 0.9135054450000553, 0.9100343200000225], "test": [0.9045336220001445, 0.917962358000068, 0.9265459529999589, 0.9526306259999728, 0.9152218330000323, 0.9141673920000812, 0.9256571890000487, 0.9406331840000348, 0.908561218999921, 0.9169373619999988], "train-eval": [2.129974243000106, 2.1511583270000756, 2.196874878000017, 2.1725083040000754, 2.1624514289999297, 2.1894826230000035, 2.1370930559999124, 2.1848448709999957, 2.1391331250001713, 2.1482364789999338]}, "scorers": {"train": {"Log Loss": [0.37825660723911125, 0.3074765617522956, 0.3050201257116204, 0.26943556223641246, 0.3048772159492178, 0.34643755885227095, 0.34526365124763664, 0.35176932326220034, 0.3643993447806452, 0.3469455768587643], "AUC": [0.9130059523809524, 0.9726116071428571, 0.9766294642857143, 0.9898065476190476, 0.975453869047619, 0.9397395833333334, 0.9446205357142856, 0.9417187499999999, 0.9260193452380953, 0.9465104166666667], "Accuracy": [0.83375, 0.8925, 0.9025, 0.9325, 0.89125, 0.8625, 0.865, 0.85125, 0.85, 0.86125], "F1": [0.83375, 0.8925, 0.9025, 0.9325, 0.89125, 0.8625, 0.865, 0.85125, 0.85, 0.86125]}, "val": {"Log Loss": [0.5091789903272431, 0.5799212203182489, 0.5304696233142041, 0.5620207585320168, 0.4665150624515972, 0.5210256604961137, 0.49328658713696233, 0.566968426382676, 0.484715335366108, 0.4666441430424657], "AUC": [0.7728571428571429, 0.7176190476190476, 0.7414285714285714, 0.7123809523809524, 0.8157142857142857, 0.7428571428571429, 0.8033333333333333, 0.7119047619047619, 0.7947619047619047, 0.8238095238095239], "Accuracy": [0.74, 0.69, 0.72, 0.65, 0.77, 0.72, 0.77, 0.71, 0.77, 0.74], "F1": [0.74, 0.69, 0.72, 0.65, 0.7699999999999999, 0.72, 0.7699999999999999, 0.7100000000000001, 0.7699999999999999, 0.74]}, "test": {"Log Loss": [0.4514889431503417, 0.5212650755804269, 0.5582001347834114, 0.5616158698380584, 0.5059684789285676, 0.49352476004994195, 0.5071380973693816, 0.4973263778627626, 0.5711911113543692, 0.4851339732235707], "AUC": [0.838095238095238, 0.7733333333333333, 0.7442857142857142, 0.7138095238095238, 0.7785714285714286, 0.7885714285714285, 0.7571428571428571, 0.7866666666666667, 0.7128571428571429, 0.8066666666666668], "Accuracy": [0.74, 0.71, 0.71, 0.67, 0.7, 0.74, 0.74, 0.76, 0.73, 0.78], "F1": [0.74, 0.7100000000000001, 0.7100000000000001, 0.67, 0.7, 0.74, 0.74, 0.76, 0.7299999999999999, 0.78]}}}