{"dataset": {"name": "openml__credit-approval__29", "cat_idx": [0, 3, 4, 5, 6, 8, 9, 11, 12], "cat_dims": [3, 4, 4, 15, 10, 2, 2, 2, 3], "target_type": "binary", "num_classes": 1, "num_features": 15, "num_instances": 690, "split_source": "openml"}, "scaler": "Quantile", "model": {"name": "TabPFNModel", "params": {}, "args": {"model_name": "TabPFNModel", "batch_size": 128, "scale_numerical_features": "Quantile", "val_batch_size": 256, "objective": "binary", "gpu_ids": [0], "use_gpu": true, "epochs": 500, "data_parallel": true, "early_stopping_rounds": 20, "dataset": "openml__credit-approval__29", "cat_idx": [0, 3, 4, 5, 6, 8, 9, 11, 12], "num_features": 15, "subset_features": -1, "subset_rows": -1, "subset_features_method": "random", "subset_rows_method": "random", "cat_dims": [3, 4, 4, 15, 10, 2, 2, 2, 3], "num_classes": 1, "logging_period": 100}}, "experiemnt_args": {"experiment_config": "tabzilla_experiment_config.yml", "output_dir": "./results/TabPFN_lasso/openml__credit-approval__29", "write_predictions": false, "use_gpu": true, "gpu_ids": [0], "data_parallel": true, "n_random_trials": 30, "hparam_seed": 0, "n_opt_trials": 1, "batch_size": 128, "val_batch_size": 256, "scale_numerical_features": "Quantile", "early_stopping_rounds": 20, "epochs": 500, "logging_period": 100, "experiment_time_limit": 36000, "trial_time_limit": 7200, "subset_rows": -1, "subset_features": -1, "subset_rows_method": "random", "subset_features_method": "random", "subset_random_seed": 42}, "hparam_source": "sampler_30", "trial_number": 30, "exception": "None", "timers": {"train": [0.002873623000027692, 0.003018989999986843, 0.002978937999955633, 0.0028344930000230306, 0.0030594759999758026, 0.003303490000007514, 0.002874981999980264, 0.002845729000000574, 0.002986135000014656, 0.0028102269999408236], "val": [0.6209027759999799, 0.6263233409999884, 0.6280574820000311, 0.6240897110000105, 0.6257302870000103, 0.6209420659999978, 0.6359385779999229, 0.6156678400000146, 0.616868805000081, 0.6167956150000009], "test": [0.6158645909999905, 0.6195933449999984, 0.6326873579999983, 0.6249830809999821, 0.6267882710000094, 0.6161236399999552, 0.6260960329999534, 0.6129653940000708, 0.610389343999941, 0.6163788469999645], "train-eval": [0.859669560000043, 0.8718295249999528, 0.8773864519999961, 0.867042334999951, 0.8713143150000633, 0.8722252489999391, 0.8815273330000082, 0.8594029319999663, 0.8584790449999673, 0.8653135199999724]}, "scorers": {"train": {"Log Loss": [0.2746726887928048, 0.23824784106393196, 0.21771884197800223, 0.22322251419174627, 0.24272928560039073, 0.25163480464966764, 0.20688921560206378, 0.21987633364633408, 0.24871033691365527, 0.25879359945352964], "AUC": [0.9569058206676843, 0.9687130815689918, 0.9727137467453106, 0.9726650269228212, 0.9682111280994483, 0.9638768862593897, 0.9758957654723128, 0.9725121318885861, 0.9659110549757363, 0.9639194431159999], "Accuracy": [0.8858695652173914, 0.9039855072463768, 0.9130434782608695, 0.907608695652174, 0.9039855072463768, 0.8913043478260869, 0.9148550724637681, 0.907608695652174, 0.9003623188405797, 0.8894927536231884], "F1": [0.8858695652173914, 0.9039855072463768, 0.9130434782608695, 0.907608695652174, 0.9039855072463768, 0.8913043478260869, 0.9148550724637681, 0.907608695652174, 0.9003623188405797, 0.8894927536231884]}, "val": {"Log Loss": [0.2863935235588959, 0.3454029385976845, 0.5005575291126062, 0.24492304505021115, 0.28798629853431296, 0.3621339052789795, 0.5249790360284988, 0.29631363016535095, 0.23373672931315445, 0.32036295107119145], "AUC": [0.9529914529914529, 0.9273504273504274, 0.8718166383701188, 0.9584040747028862, 0.9397283531409167, 0.9125636672325976, 0.8692699490662139, 0.9431239388794567, 0.9660441426146009, 0.9444444444444444], "Accuracy": [0.8695652173913043, 0.8260869565217391, 0.8115942028985508, 0.927536231884058, 0.8985507246376812, 0.855072463768116, 0.8405797101449275, 0.8985507246376812, 0.8985507246376812, 0.8985507246376812], "F1": [0.8695652173913043, 0.8260869565217391, 0.8115942028985508, 0.927536231884058, 0.8985507246376812, 0.855072463768116, 0.8405797101449275, 0.8985507246376812, 0.8985507246376812, 0.8985507246376812]}, "test": {"Log Loss": [0.34936061567234944, 0.3034193560267079, 0.34392495532404954, 0.5266436107741685, 0.252028849619283, 0.27335992031517287, 0.395587304919368, 0.499058159348739, 0.24208562667294123, 0.24716434814085192], "AUC": [0.9119658119658118, 0.9461538461538462, 0.9256410256410257, 0.8514431239388794, 0.9558573853989814, 0.9507640067911716, 0.9117147707979627, 0.8883701188455008, 0.9541595925297113, 0.969439728353141], "Accuracy": [0.8695652173913043, 0.8695652173913043, 0.8405797101449275, 0.7536231884057971, 0.927536231884058, 0.8840579710144928, 0.8260869565217391, 0.7971014492753623, 0.9420289855072463, 0.8695652173913043], "F1": [0.8695652173913043, 0.8695652173913043, 0.8405797101449275, 0.7536231884057971, 0.927536231884058, 0.8840579710144928, 0.8260869565217391, 0.7971014492753623, 0.9420289855072463, 0.8695652173913043]}}}