{
    "dataset_name": "openml__credit-approval__29",
    "averages": {
        "train_averages": {
            "Log Loss": 0.23824954618921268,
            "AUC": 0.9681324085716281,
            "Accuracy": 0.9018115942028985,
            "F1": 0.9018115942028985
        },
        "val_averages": {
            "Log Loss": 0.34027895867108854,
            "AUC": 0.9285737088793116,
            "Accuracy": 0.8724637681159422,
            "F1": 0.8724637681159422
        },
        "test_averages": {
            "Log Loss": 0.3432632746813632,
            "AUC": 0.9265509410416032,
            "Accuracy": 0.8579710144927535,
            "F1": 0.8579710144927535
        }
    }
}