{"dataset": {"name": "openml__heart-h__50", "cat_idx": [1, 2, 5, 6, 8, 10, 12], "cat_dims": [2, 4, 3, 4, 3, 4, 4], "target_type": "binary", "num_classes": 1, "num_features": 13, "num_instances": 294, "split_source": "openml"}, "scaler": "Quantile", "model": {"name": "TabPFNModel", "params": {}, "args": {"model_name": "TabPFNModel", "batch_size": 128, "scale_numerical_features": "Quantile", "val_batch_size": 256, "objective": "binary", "gpu_ids": [0], "use_gpu": true, "epochs": 500, "data_parallel": true, "early_stopping_rounds": 20, "dataset": "openml__heart-h__50", "cat_idx": [1, 2, 5, 6, 8, 10, 12], "num_features": 13, "subset_features": -1, "subset_rows": -1, "subset_features_method": "random", "subset_rows_method": "random", "cat_dims": [2, 4, 3, 4, 3, 4, 4], "num_classes": 1, "logging_period": 100}}, "experiemnt_args": {"experiment_config": "tabzilla_experiment_config.yml", "output_dir": "./results/TabPFN_lasso/openml__heart-h__50", "write_predictions": false, "use_gpu": true, "gpu_ids": [0], "data_parallel": true, "n_random_trials": 30, "hparam_seed": 0, "n_opt_trials": 1, "batch_size": 128, "val_batch_size": 256, "scale_numerical_features": "Quantile", "early_stopping_rounds": 20, "epochs": 500, "logging_period": 100, "experiment_time_limit": 36000, "trial_time_limit": 7200, "subset_rows": -1, "subset_features": -1, "subset_rows_method": "random", "subset_features_method": "random", "subset_random_seed": 42}, "hparam_source": "sampler_30", "trial_number": 30, "exception": "None", "timers": {"train": [0.0024256689999901937, 0.002474529000039638, 0.0022621880000315286, 0.0025836030000050414, 0.0024584530000311133, 0.0024497539999970286, 0.002363461999948413, 0.0023476570000298125, 0.0023879739999870253, 0.0025508580000064285], "val": [0.21170344899996962, 0.21057586599999922, 0.21264188300000342, 0.20691207699996994, 0.20741397400001915, 0.21556702099996983, 0.21337534599996388, 0.20955913500000634, 0.21680863099999215, 0.21214403100003665], "test": [0.2115987059999611, 0.21119253000000526, 0.2106483040000171, 0.2102291499999751, 0.21195370700002059, 0.2166799340000125, 0.21452693399999134, 0.20862151099998982, 0.21543173700001716, 0.21016589900000326], "train-eval": [0.41509210399999574, 0.4103427379999971, 0.40976845299996967, 0.40820104499999843, 0.41083675600003744, 0.4134829709999508, 0.41421916599995257, 0.4081006559999878, 0.4154687540000168, 0.4099355609999975]}, "scorers": {"train": {"Log Loss": [0.1997061641307492, 0.20711899295204753, 0.24317323779350314, 0.2607272813332074, 0.2488216579525465, 0.22637115330650312, 0.24309073353054564, 0.2403455024704732, 0.14431672838131268, 0.13723703621190675], "AUC": [0.9831746031746031, 0.9812698412698413, 0.9643650793650794, 0.9613333333333333, 0.9689147286821705, 0.9725581395348837, 0.9669767441860465, 0.9655629139072848, 0.9956923558897243, 0.9953484705140334], "Accuracy": [0.9273504273504274, 0.9145299145299145, 0.8974358974358975, 0.8723404255319149, 0.885593220338983, 0.9152542372881356, 0.8983050847457628, 0.902542372881356, 0.9449152542372882, 0.9574468085106383], "F1": [0.9273504273504274, 0.9145299145299145, 0.8974358974358975, 0.8723404255319149, 0.885593220338983, 0.9152542372881356, 0.8983050847457628, 0.902542372881356, 0.9449152542372882, 0.9574468085106385]}, "val": {"Log Loss": [0.33226976212720705, 0.4483750766004696, 0.4485945771639658, 0.22726922586565224, 0.3809060902271843, 0.45495428531126536, 0.37492312770344755, 0.42920346961621153, 0.6127758935559994, 0.6147474786338305], "AUC": [0.923444976076555, 0.8851674641148325, 0.8755980861244019, 0.968421052631579, 0.9052631578947368, 0.8210526315789474, 0.8894736842105264, 0.9242424242424243, 0.8080808080808082, 0.8038277511961722], "Accuracy": [0.8666666666666667, 0.8, 0.8, 0.896551724137931, 0.8275862068965517, 0.8275862068965517, 0.8275862068965517, 0.7586206896551724, 0.7931034482758621, 0.7666666666666667], "F1": [0.8666666666666667, 0.8000000000000002, 0.8000000000000002, 0.896551724137931, 0.8275862068965517, 0.8275862068965517, 0.8275862068965517, 0.7586206896551724, 0.7931034482758621, 0.7666666666666667]}, "test": {"Log Loss": [0.5910639011130172, 0.36265841614953076, 0.4394692708035365, 0.3862825841729702, 0.2412509804621989, 0.37205590416805573, 0.45911213642422377, 0.3756814286935968, 0.4916030222450543, 0.6578324579634626], "AUC": [0.7894736842105263, 0.9186602870813396, 0.8803827751196173, 0.9043062200956937, 0.9578947368421052, 0.8999999999999999, 0.8473684210526317, 0.8999999999999999, 0.8939393939393939, 0.8181818181818182], "Accuracy": [0.7666666666666667, 0.8333333333333334, 0.8333333333333334, 0.8, 0.896551724137931, 0.8275862068965517, 0.8275862068965517, 0.8275862068965517, 0.7586206896551724, 0.7931034482758621], "F1": [0.7666666666666667, 0.8333333333333334, 0.8333333333333334, 0.8000000000000002, 0.896551724137931, 0.8275862068965517, 0.8275862068965517, 0.8275862068965517, 0.7586206896551724, 0.7931034482758621]}}}