{
    "dataset_name": "openml__heart-h__50",
    "averages": {
        "train_averages": {
            "Log Loss": 0.2150908488062795,
            "AUC": 0.9755196209857001,
            "Accuracy": 0.911571364285032,
            "F1": 0.911571364285032
        },
        "val_averages": {
            "Log Loss": 0.43240189868052337,
            "AUC": 0.8804572036150983,
            "Accuracy": 0.8164367816091955,
            "F1": 0.8164367816091955
        },
        "test_averages": {
            "Log Loss": 0.4377010102195646,
            "AUC": 0.8810207336523124,
            "Accuracy": 0.8164367816091953,
            "F1": 0.8164367816091953
        }
    }
}