{
    "dataset_name": "openml__kc1__3917",
    "averages": {
        "train_averages": {
            "Log Loss": 0.31260771460472436,
            "AUC": 0.8537251598717248,
            "Accuracy": 0.8725697907331507,
            "F1": 0.8725697907331507
        },
        "val_averages": {
            "Log Loss": 0.3496471964651998,
            "AUC": 0.8127651764807702,
            "Accuracy": 0.8563281426314602,
            "F1": 0.8563281426314602
        },
        "test_averages": {
            "Log Loss": 0.34922436816130653,
            "AUC": 0.8118150474441863,
            "Accuracy": 0.8572782667569397,
            "F1": 0.8572782667569397
        }
    }
}