{"dataset": {"name": "openml__lymph__10", "cat_idx": [0, 1, 2, 3, 4, 5, 6, 7, 10, 11, 12, 13, 14, 15, 16], "cat_dims": [4, 2, 2, 2, 2, 2, 2, 2, 3, 4, 4, 8, 3, 2, 2], "target_type": "classification", "num_classes": 4, "num_features": 18, "num_instances": 148, "split_source": "openml"}, "scaler": "Quantile", "model": {"name": "TabPFNModel", "params": {}, "args": {"model_name": "TabPFNModel", "batch_size": 128, "scale_numerical_features": "Quantile", "val_batch_size": 256, "objective": "classification", "gpu_ids": [0], "use_gpu": true, "epochs": 500, "data_parallel": true, "early_stopping_rounds": 20, "dataset": "openml__lymph__10", "cat_idx": [0, 1, 2, 3, 4, 5, 6, 7, 10, 11, 12, 13, 14, 15, 16], "num_features": 18, "subset_features": -1, "subset_rows": -1, "subset_features_method": "random", "subset_rows_method": "random", "cat_dims": [4, 2, 2, 2, 2, 2, 2, 2, 3, 4, 4, 8, 3, 2, 2], "num_classes": 4, "logging_period": 100}}, "experiemnt_args": {"experiment_config": "tabzilla_experiment_config.yml", "output_dir": "./results/TabPFN_lasso/openml__lymph__10", "write_predictions": false, "use_gpu": true, "gpu_ids": [0], "data_parallel": true, "n_random_trials": 30, "hparam_seed": 0, "n_opt_trials": 1, "batch_size": 128, "val_batch_size": 256, "scale_numerical_features": "Quantile", "early_stopping_rounds": 20, "epochs": 500, "logging_period": 100, "experiment_time_limit": 36000, "trial_time_limit": 7200, "subset_rows": -1, "subset_features": -1, "subset_rows_method": "random", "subset_features_method": "random", "subset_random_seed": 42}, "hparam_source": "sampler_30", "trial_number": 30, "exception": "None", "timers": {"train": [0.002228544999979931, 0.0027636840000013763, 0.002213014000005842, 0.002542892999997548, 0.0024308110000106353, 0.0024829760000102397, 0.002285577000009198, 0.0023640499999828535, 0.0023775479999983418, 0.002251195000013695], "val": [0.14138752099998442, 0.1383451330000014, 0.13282331999999997, 0.14047365600001172, 0.1447233229999938, 0.13839368500001115, 0.14115501699998845, 0.14042437000000518, 0.14064241099998753, 0.14725307199998383], "test": [0.14063595900000792, 0.13938342400001602, 0.1316467780000039, 0.1427731729999948, 0.14306406299999708, 0.14165871299999822, 0.13953754900001059, 0.1419383479999965, 0.14294002200000477, 0.14568886999998654], "train-eval": [0.18166771299999596, 0.1818527579999909, 0.17390396499999383, 0.18316533099999788, 0.1850932099999909, 0.18331298600000423, 0.1833678950000035, 0.1812733569999807, 0.18442435500000443, 0.18622748100000308]}, "scorers": {"train": {"Log Loss": [0.0953154661561249, 0.11060183544617554, 0.13155034168635166, 0.11661632987719747, 0.11311082578398406, 0.12134187438089204, 0.10630551758297617, 0.07376033913046498, 0.08471590069498805, 0.08513687389102026], "AUC": [0.9998937074829932, 0.9998953427524856, 0.9994505494505495, 0.9998953427524856, 1.0, 0.9998931623931625, 0.9997906855049713, 0.9999476713762429, 0.9999476713762429, 0.9999468537414966], "Accuracy": [0.9745762711864406, 0.9745762711864406, 0.9661016949152542, 0.9915254237288136, 0.9915254237288136, 0.9915254237288136, 0.9830508474576272, 0.9915966386554622, 0.9916666666666667, 0.9915966386554622], "F1": [0.9745437626224658, 0.9745422581707933, 0.9661016949152542, 0.991514086056931, 0.991513166406766, 0.991513166406766, 0.9830026964560863, 0.9915853962581334, 0.9916555179559822, 0.9915858935278739]}, "val": {"Log Loss": [0.32723152446594456, 0.29026886039454775, 0.467561969828931, 0.5082139753124835, 0.16497070887593396, 0.44190709597730593, 1.5569674195331444, 0.7704626994923005, 0.31891144803653004, 0.5901311448912996], "AUC": [0.9756944444444445, 0.9861111111111112, 0.951388888888889, 0.8888888888888888, 1.0, 0.9722222222222223, 0.7430555555555557, 0.7291666666666667, 0.9375, 0.8425925925925926], "Accuracy": [0.8666666666666667, 0.9333333333333333, 0.8, 0.8666666666666667, 1.0, 0.8666666666666667, 0.7333333333333333, 0.7142857142857143, 0.9285714285714286, 0.6666666666666666], "F1": [0.8666666666666667, 0.9322638146167558, 0.7967914438502675, 0.8607407407407408, 1.0, 0.8406349206349206, 0.7076923076923076, 0.7142857142857143, 0.928937728937729, 0.6577777777777777]}, "test": {"Log Loss": [0.5424726085923697, 0.35473876630349355, 0.3726682286847264, 0.42651767295004084, 0.5460764603131322, 0.15719448961234403, 1.2919140106883655, 0.8766240385624268, 0.5370205640067073, 0.41674272772927123], "AUC": [0.8611111111111112, 0.96875, 0.9861111111111112, 0.9756944444444443, 0.9097222222222223, 1.0, 0.7986111111111112, 0.875, 0.84375, 0.90625], "Accuracy": [0.6666666666666666, 0.8, 0.8666666666666667, 0.8, 0.8666666666666667, 1.0, 0.8666666666666667, 0.7333333333333333, 0.7142857142857143, 0.7857142857142857], "F1": [0.6577777777777777, 0.801025641025641, 0.8607407407407408, 0.7967914438502675, 0.8607407407407408, 1.0, 0.8406349206349206, 0.7076923076923076, 0.7142857142857143, 0.7822765469824294]}}}