{
    "dataset_name": "openml__lymph__10",
    "averages": {
        "train_averages": {
            "Log Loss": 0.1038455304630175,
            "AUC": 0.9998660986830629,
            "Accuracy": 0.9847741299909794,
            "F1": 0.9847557638777052
        },
        "val_averages": {
            "Log Loss": 0.5436626846808422,
            "AUC": 0.9026620370370371,
            "Accuracy": 0.8376190476190477,
            "F1": 0.8305791115202881
        },
        "test_averages": {
            "Log Loss": 0.5521969567442877,
            "AUC": 0.9125,
            "Accuracy": 0.8100000000000002,
            "F1": 0.802196583373054
        }
    }
}