{
    "dataset_name": "openml__mfeat-zernike__22",
    "averages": {
        "train_averages": {
            "Log Loss": 0.12466647794124022,
            "AUC": 0.9966739583333334,
            "Accuracy": 0.9455624999999998,
            "F1": 0.9444988732029392
        },
        "val_averages": {
            "Log Loss": 0.3043386749609554,
            "AUC": 0.9818611111111112,
            "Accuracy": 0.828,
            "F1": 0.8234311753765169
        },
        "test_averages": {
            "Log Loss": 0.31387693107776676,
            "AUC": 0.9812527777777778,
            "Accuracy": 0.8229999999999998,
            "F1": 0.8172213100180772
        }
    }
}