{
    "dataset_name": "openml__mfeat-fourier__14",
    "averages": {
        "train_averages": {
            "Log Loss": 0.12442616976215307,
            "AUC": 0.9998283420138889,
            "Accuracy": 0.9879374999999999,
            "F1": 0.9879419502389368
        },
        "val_averages": {
            "Log Loss": 0.40917227624827934,
            "AUC": 0.9837222222222219,
            "Accuracy": 0.8264999999999999,
            "F1": 0.8257231240874692
        },
        "test_averages": {
            "Log Loss": 0.4053874715146943,
            "AUC": 0.9833305555555555,
            "Accuracy": 0.8300000000000001,
            "F1": 0.82859597880436
        }
    }
}