{
    "dataset_name": "openml__monks-problems-2__146065",
    "averages": {
        "train_averages": {
            "Log Loss": 0.38715059650927675,
            "AUC": 0.8471865371292464,
            "Accuracy": 0.7766601697851698,
            "F1": 0.7766601697851698
        },
        "val_averages": {
            "Log Loss": 0.45764208542586654,
            "AUC": 0.6753421092796092,
            "Accuracy": 0.6274316939890711,
            "F1": 0.6274316939890711
        },
        "test_averages": {
            "Log Loss": 0.4498669261980986,
            "AUC": 0.6998387515262515,
            "Accuracy": 0.6233333333333333,
            "F1": 0.6233333333333333
        }
    }
}