{"dataset": {"name": "openml__monks-problems-2__146065", "cat_idx": [0, 1, 2, 3, 4, 5], "cat_dims": [3, 3, 2, 3, 4, 2], "target_type": "binary", "num_classes": 1, "num_features": 6, "num_instances": 601, "split_source": "openml"}, "scaler": "Quantile", "model": {"name": "TabPFNModel", "params": {}, "args": {"model_name": "TabPFNModel", "batch_size": 128, "scale_numerical_features": "Quantile", "val_batch_size": 256, "objective": "binary", "gpu_ids": [0], "use_gpu": true, "epochs": 500, "data_parallel": true, "early_stopping_rounds": 20, "dataset": "openml__monks-problems-2__146065", "cat_idx": [0, 1, 2, 3, 4, 5], "num_features": 6, "subset_features": -1, "subset_rows": -1, "subset_features_method": "random", "subset_rows_method": "random", "cat_dims": [3, 3, 2, 3, 4, 2], "num_classes": 1, "logging_period": 100}}, "experiemnt_args": {"experiment_config": "tabzilla_experiment_config.yml", "output_dir": "./results/TabPFN_lasso/openml__monks-problems-2__146065", "write_predictions": false, "use_gpu": true, "gpu_ids": [0], "data_parallel": true, "n_random_trials": 30, "hparam_seed": 0, "n_opt_trials": 1, "batch_size": 128, "val_batch_size": 256, "scale_numerical_features": "Quantile", "early_stopping_rounds": 20, "epochs": 500, "logging_period": 100, "experiment_time_limit": 36000, "trial_time_limit": 7200, "subset_rows": -1, "subset_features": -1, "subset_rows_method": "random", "subset_features_method": "random", "subset_random_seed": 42}, "hparam_source": "sampler_30", "trial_number": 30, "exception": "None", "timers": {"train": [0.002830775999996149, 0.0025322139999843785, 0.0024705820000008316, 0.002486134999969636, 0.0025213789999725122, 0.0026651539999988927, 0.0024627209999721345, 0.002544774000000416, 0.0026288779999958933, 0.002737689000014143], "val": [0.4277047740000057, 0.4420033150000222, 0.3855188150000117, 0.38302303300002905, 0.31861811999999645, 0.38178499599996485, 0.32144921299999396, 0.3854581450000296, 0.3843089019999866, 0.3851796229999991], "test": [0.5648635410000225, 0.44838145400001395, 0.39144846699997515, 0.3871945049999681, 0.32319782799999075, 0.38591229200000043, 0.3196233740000025, 0.3879678260000219, 0.3936720909999849, 0.38850175499999295], "train-eval": [0.5858284340000068, 0.6086661330000425, 0.5215084010000055, 0.5196450849999792, 0.4401304469999445, 0.5233676340000102, 0.43638294400000177, 0.5214602899999932, 0.5263924779999911, 0.5200313170000186]}, "scorers": {"train": {"Log Loss": [0.0007274907013543572, 0.001320270812905655, 0.4597243924712928, 0.45066422466722617, 0.6013468962931231, 0.44547240180673, 0.5311752719036877, 0.46397305814902595, 0.46589154034290997, 0.45121041794451183], "AUC": [1.0, 1.0, 0.8384203480589022, 0.8531172308280742, 0.7050345224395858, 0.8416653843194584, 0.752423636223744, 0.8280853273832424, 0.8156401477263985, 0.8374787743130596], "Accuracy": [1.0, 1.0, 0.7505197505197505, 0.7546777546777547, 0.656964656964657, 0.7505197505197505, 0.683991683991684, 0.7172557172557172, 0.7172557172557172, 0.7354166666666667], "F1": [1.0, 1.0, 0.7505197505197505, 0.7546777546777547, 0.656964656964657, 0.7505197505197505, 0.683991683991684, 0.7172557172557174, 0.7172557172557174, 0.7354166666666668]}, "val": {"Log Loss": [0.00715682375005637, 0.01881742788804548, 0.5380960268342985, 0.52835085009715, 0.6532976235007255, 0.5646998462504839, 0.6023480579753547, 0.5248747355326979, 0.5923640980464934, 0.5464153643833592], "AUC": [1.0, 1.0, 0.5668749999999999, 0.60625, 0.4664224664224664, 0.5952380952380952, 0.6794871794871794, 0.6355311355311355, 0.5970695970695971, 0.6065476190476191], "Accuracy": [1.0, 1.0, 0.43333333333333335, 0.48333333333333334, 0.65, 0.5, 0.6166666666666667, 0.5333333333333333, 0.5166666666666667, 0.5409836065573771], "F1": [1.0, 1.0, 0.43333333333333335, 0.48333333333333334, 0.65, 0.5, 0.6166666666666667, 0.5333333333333333, 0.5166666666666667, 0.5409836065573771]}, "test": {"Log Loss": [0.0019942773290872375, 0.02022713187146076, 0.5007408099041684, 0.5484268207328801, 0.5809174398702239, 0.6173093698448041, 0.5645986270150062, 0.5263518559839847, 0.5441655820098191, 0.593937347419551], "AUC": [1.0, 1.0, 0.6843750000000001, 0.556875, 0.7418750000000001, 0.5036630036630036, 0.6623931623931624, 0.6105006105006106, 0.6794871794871795, 0.5592185592185592], "Accuracy": [1.0, 1.0, 0.5333333333333333, 0.4666666666666667, 0.6666666666666666, 0.43333333333333335, 0.6166666666666667, 0.5166666666666667, 0.55, 0.45], "F1": [1.0, 1.0, 0.5333333333333333, 0.4666666666666667, 0.6666666666666666, 0.43333333333333335, 0.6166666666666667, 0.5166666666666667, 0.55, 0.45]}}}