{
    "dataset_name": "openml__profb__3561",
    "averages": {
        "train_averages": {
            "Log Loss": 0.5346736851987025,
            "AUC": 0.7775560644168962,
            "Accuracy": 0.7291643108934569,
            "F1": 0.729164310893457
        },
        "val_averages": {
            "Log Loss": 0.6081300586463902,
            "AUC": 0.658570487483531,
            "Accuracy": 0.6755926251097455,
            "F1": 0.6755926251097455
        },
        "test_averages": {
            "Log Loss": 0.6035568973599829,
            "AUC": 0.664459815546772,
            "Accuracy": 0.6830553116769097,
            "F1": 0.6830553116769097
        }
    }
}