{"dataset": {"name": "openml__profb__3561", "cat_idx": [3, 4, 7, 8], "cat_dims": [28, 28, 5, 2], "target_type": "binary", "num_classes": 1, "num_features": 9, "num_instances": 672, "split_source": "openml"}, "scaler": "Quantile", "model": {"name": "TabPFNModel", "params": {}, "args": {"model_name": "TabPFNModel", "batch_size": 128, "scale_numerical_features": "Quantile", "val_batch_size": 256, "objective": "binary", "gpu_ids": [0], "use_gpu": true, "epochs": 500, "data_parallel": true, "early_stopping_rounds": 20, "dataset": "openml__profb__3561", "cat_idx": [3, 4, 7, 8], "num_features": 9, "subset_features": -1, "subset_rows": -1, "subset_features_method": "random", "subset_rows_method": "random", "cat_dims": [28, 28, 5, 2], "num_classes": 1, "logging_period": 100}}, "experiemnt_args": {"experiment_config": "tabzilla_experiment_config.yml", "output_dir": "./results/TabPFN_lasso/openml__profb__3561", "write_predictions": false, "use_gpu": true, "gpu_ids": [0], "data_parallel": true, "n_random_trials": 30, "hparam_seed": 0, "n_opt_trials": 1, "batch_size": 128, "val_batch_size": 256, "scale_numerical_features": "Quantile", "early_stopping_rounds": 20, "epochs": 500, "logging_period": 100, "experiment_time_limit": 36000, "trial_time_limit": 7200, "subset_rows": -1, "subset_features": -1, "subset_rows_method": "random", "subset_features_method": "random", "subset_random_seed": 42}, "hparam_source": "sampler_30", "trial_number": 30, "exception": "None", "timers": {"train": [0.002825977000043167, 0.0024333449999858203, 0.0025532469999802743, 0.0025388569999904576, 0.0024719069999719068, 0.0025239450000071884, 0.0026449979999938478, 0.0026651729999684903, 0.002559540999982346, 0.0025530379999736397], "val": [0.4220248510000033, 0.4228192129999684, 0.496079457999997, 0.4186122049999881, 0.35709786799998255, 0.49458172900000363, 0.5545278909999638, 0.495805378, 0.4946456310000258, 0.49648714800002836], "test": [0.43216641300000447, 0.42795150699998885, 0.483669951999957, 0.4321225919999847, 0.3594130440000072, 0.4895728540000164, 0.550537367000004, 0.4839324790000319, 0.49789652799995565, 0.48372280000000956], "train-eval": [0.5824181899999985, 0.5799353129999645, 0.6791851280000287, 0.58051877500003, 0.4822475270000268, 0.6778708950000123, 0.7673514179999756, 0.6770751089999862, 0.6798285460000102, 0.6816587040000286]}, "scorers": {"train": {"Log Loss": [0.5453342622765391, 0.5341430584999396, 0.5593606836623803, 0.5572372444181302, 0.564923521666964, 0.5161905402677461, 0.48062317625278383, 0.5449798961949694, 0.5311704471089869, 0.5127740216385853], "AUC": [0.756590923356977, 0.7731266190193813, 0.736018001241465, 0.7432029795158287, 0.7303848541278708, 0.8034605834885165, 0.871617008069522, 0.7671215822971942, 0.7796504369538076, 0.8143876560984006], "Accuracy": [0.7220149253731343, 0.7206703910614525, 0.7156133828996283, 0.7063197026022305, 0.7156133828996283, 0.7434944237918215, 0.7676579925650557, 0.7230483271375465, 0.7379182156133829, 0.7392923649906891], "F1": [0.7220149253731343, 0.7206703910614526, 0.7156133828996283, 0.7063197026022305, 0.7156133828996283, 0.7434944237918214, 0.7676579925650557, 0.7230483271375465, 0.7379182156133829, 0.7392923649906891]}, "val": {"Log Loss": [0.6394983515996906, 0.6305518828141522, 0.596493084477155, 0.6282387908839085, 0.5818290769447793, 0.6478563900219665, 0.5589335476044949, 0.5974833629476465, 0.62001898497801, 0.580397114192098], "AUC": [0.6096618357487922, 0.6090909090909091, 0.698989898989899, 0.6242424242424243, 0.698989898989899, 0.5737373737373738, 0.7464646464646465, 0.66699604743083, 0.6541501976284585, 0.7033816425120772], "Accuracy": [0.6764705882352942, 0.6865671641791045, 0.6716417910447762, 0.6865671641791045, 0.7014925373134329, 0.6268656716417911, 0.7313432835820896, 0.6567164179104478, 0.6417910447761194, 0.6764705882352942], "F1": [0.6764705882352942, 0.6865671641791045, 0.6716417910447762, 0.6865671641791045, 0.7014925373134329, 0.6268656716417911, 0.7313432835820896, 0.6567164179104478, 0.6417910447761194, 0.6764705882352942]}, "test": {"Log Loss": [0.5859878641341163, 0.637946742820019, 0.6322557206533594, 0.6074969923708943, 0.5925087609760833, 0.5652961337306084, 0.633171083345843, 0.5664453294018944, 0.607424910590675, 0.6070354355763369], "AUC": [0.691304347826087, 0.6193236714975846, 0.6141414141414141, 0.6797979797979798, 0.6777777777777777, 0.7151515151515151, 0.595959595959596, 0.7161616161616162, 0.6669960474308301, 0.6679841897233202], "Accuracy": [0.6617647058823529, 0.6911764705882353, 0.6716417910447762, 0.6865671641791045, 0.6865671641791045, 0.7164179104477612, 0.6268656716417911, 0.7611940298507462, 0.6716417910447762, 0.6567164179104478], "F1": [0.6617647058823529, 0.6911764705882353, 0.6716417910447762, 0.6865671641791045, 0.6865671641791045, 0.7164179104477613, 0.6268656716417911, 0.7611940298507462, 0.6716417910447762, 0.6567164179104478]}}}