{
    "dataset_name": "openml__qsar-biodeg__9957",
    "averages": {
        "train_averages": {
            "Log Loss": 0.10079736257754487,
            "AUC": 0.9970031721134565,
            "Accuracy": 0.9760743267826519,
            "F1": 0.9760743267826518
        },
        "val_averages": {
            "Log Loss": 0.3121954452980572,
            "AUC": 0.9369149166913143,
            "Accuracy": 0.8805840071877806,
            "F1": 0.8805840071877806
        },
        "test_averages": {
            "Log Loss": 0.3150718650192428,
            "AUC": 0.9383674619606298,
            "Accuracy": 0.8739263252470799,
            "F1": 0.8739263252470799
        }
    }
}