{
    "dataset_name": "openml__socmob__3797",
    "averages": {
        "train_averages": {
            "Log Loss": 0.15137190764884006,
            "AUC": 0.9786631780001052,
            "Accuracy": 0.9371760404481787,
            "F1": 0.9371760404481787
        },
        "val_averages": {
            "Log Loss": 0.17232325803189252,
            "AUC": 0.9744769230769231,
            "Accuracy": 0.9342503748125937,
            "F1": 0.9342503748125937
        },
        "test_averages": {
            "Log Loss": 0.17195789118931487,
            "AUC": 0.9743025641025641,
            "Accuracy": 0.935112443778111,
            "F1": 0.935112443778111
        }
    }
}