{"dataset": {"name": "openml__socmob__3797", "cat_idx": [0, 1, 2, 3], "cat_dims": [17, 17, 2, 2], "target_type": "binary", "num_classes": 1, "num_features": 5, "num_instances": 1156, "split_source": "openml"}, "scaler": "Quantile", "model": {"name": "TabPFNModel", "params": {}, "args": {"model_name": "TabPFNModel", "batch_size": 128, "scale_numerical_features": "Quantile", "val_batch_size": 256, "objective": "binary", "gpu_ids": [0], "use_gpu": true, "epochs": 500, "data_parallel": true, "early_stopping_rounds": 20, "dataset": "openml__socmob__3797", "cat_idx": [0, 1, 2, 3], "num_features": 5, "subset_features": -1, "subset_rows": -1, "subset_features_method": "random", "subset_rows_method": "random", "cat_dims": [17, 17, 2, 2], "num_classes": 1, "logging_period": 100}}, "experiemnt_args": {"experiment_config": "tabzilla_experiment_config.yml", "output_dir": "./results/TabPFN_lasso/openml__socmob__3797", "write_predictions": false, "use_gpu": true, "gpu_ids": [0], "data_parallel": true, "n_random_trials": 30, "hparam_seed": 0, "n_opt_trials": 1, "batch_size": 128, "val_batch_size": 256, "scale_numerical_features": "Quantile", "early_stopping_rounds": 20, "epochs": 500, "logging_period": 100, "experiment_time_limit": 36000, "trial_time_limit": 7200, "subset_rows": -1, "subset_features": -1, "subset_rows_method": "random", "subset_features_method": "random", "subset_random_seed": 42}, "hparam_source": "sampler_30", "trial_number": 30, "exception": "None", "timers": {"train": [0.002811930999996548, 0.0028441380000003846, 0.0026527249999617197, 0.0027340410000533666, 0.00279716299996835, 0.0027802050000218514, 0.0026447999999845706, 0.0026496730000644675, 0.0029714710000234845, 0.0029049519999944096], "val": [0.5937283959999604, 0.6001863070000582, 0.46682736699995075, 0.46605798699999923, 0.46697543599998426, 0.4742431109999643, 0.4642238730000372, 0.4663043909999942, 0.47502200200005973, 0.6094349500000362], "test": [0.5920406949999233, 0.5879277359999833, 0.46357518000002074, 0.4628866109999308, 0.45973128699995414, 0.45885907599995335, 0.4576694640001051, 0.46489086400004, 0.4602591200000461, 0.594314799000017], "train-eval": [0.8559771540000156, 0.8556479610000451, 0.6673713960000214, 0.6645483329999706, 0.6644557800000257, 0.6698604990000376, 0.6686021090000622, 0.6686443769999642, 0.6807657849999487, 0.8589266540000153]}, "scorers": {"train": {"Log Loss": [0.14722676173712118, 0.14939908924954587, 0.15948650455888863, 0.14343860295546, 0.14580451915574794, 0.15893242914295483, 0.1589134354069188, 0.15505859339179326, 0.15200431568084152, 0.14345482520912878], "AUC": [0.9800381263616558, 0.9797385620915033, 0.9760757080610022, 0.9810389433551199, 0.9805044934640523, 0.9756944444444443, 0.9761832524271844, 0.9777305825242718, 0.9784115426105716, 0.9812161246612465], "Accuracy": [0.9372294372294372, 0.9383116883116883, 0.935064935064935, 0.9404761904761905, 0.9361471861471862, 0.9362162162162162, 0.937365010799136, 0.9341252699784017, 0.937365010799136, 0.9394594594594594], "F1": [0.9372294372294372, 0.9383116883116883, 0.935064935064935, 0.9404761904761905, 0.9361471861471862, 0.9362162162162162, 0.937365010799136, 0.9341252699784017, 0.937365010799136, 0.9394594594594594]}, "val": {"Log Loss": [0.249071200575069, 0.13704194153725074, 0.16001000609769184, 0.2663119099174773, 0.1378002786911978, 0.1366326635368509, 0.15119826816085027, 0.1630693113979205, 0.18480542464084043, 0.1372915757637766], "AUC": [0.961965811965812, 0.9841880341880342, 0.9786324786324787, 0.9512820512820512, 0.982051282051282, 0.983111111111111, 0.9768888888888889, 0.9757777777777777, 0.967111111111111, 0.9837606837606837], "Accuracy": [0.9224137931034483, 0.9482758620689655, 0.9310344827586207, 0.9137931034482759, 0.9482758620689655, 0.9304347826086956, 0.9391304347826087, 0.9391304347826087, 0.9217391304347826, 0.9482758620689655], "F1": [0.9224137931034483, 0.9482758620689655, 0.9310344827586207, 0.9137931034482759, 0.9482758620689655, 0.9304347826086956, 0.9391304347826087, 0.9391304347826087, 0.9217391304347826, 0.9482758620689655]}, "test": {"Log Loss": [0.13484835437995357, 0.24212405101621623, 0.1289410274816429, 0.16612960241665645, 0.2600779460011886, 0.14331682583123498, 0.13909727760886034, 0.1519899635437694, 0.16231501502380613, 0.19073884858981993], "AUC": [0.9837606837606837, 0.9619658119658119, 0.982905982905983, 0.9777777777777779, 0.9517094017094017, 0.9829059829059829, 0.9826666666666667, 0.9764444444444444, 0.9775555555555555, 0.9653333333333333], "Accuracy": [0.9568965517241379, 0.9224137931034483, 0.9482758620689655, 0.9310344827586207, 0.9137931034482759, 0.9482758620689655, 0.9304347826086956, 0.9391304347826087, 0.9304347826086956, 0.9304347826086956], "F1": [0.9568965517241379, 0.9224137931034483, 0.9482758620689655, 0.9310344827586207, 0.9137931034482759, 0.9482758620689655, 0.9304347826086956, 0.9391304347826087, 0.9304347826086956, 0.9304347826086956]}}}