{
    "dataset_name": "openml__vehicle__53",
    "averages": {
        "train_averages": {
            "Log Loss": 0.0856933459446255,
            "AUC": 0.999960859062095,
            "Accuracy": 0.9968961106256696,
            "F1": 0.9968958776682513
        },
        "val_averages": {
            "Log Loss": 0.34740056856702733,
            "AUC": 0.9622365264795205,
            "Accuracy": 0.8120448179271709,
            "F1": 0.8102616567706985
        },
        "test_averages": {
            "Log Loss": 0.34448729768955777,
            "AUC": 0.9622010769413366,
            "Accuracy": 0.8261904761904761,
            "F1": 0.8238468076155975
        }
    }
}